idAsset,name,initials,institutionName,institutionInitials,city,state,hasSharing,about
32544,3D Life LAB. Impressão de Biomodelos para Educação e Saúde.,3D LIFE LAB,Universidade Federal do Paraná,UFPR,Curitiba,PR,False,"As atividades do laboratório iniciaram em Abril de 2023 a partir da aprovação de um projeto de extensão para a capacitação de professores da rede pública de ensino em impressão 3D de modelos didáticos. Desse modo, destina-se à produção de modelos didáticos por tecnologias de impressão 3D por tecnologias de fusão de filamento e fotopolimerização em cuba. A equipe também tem se dedicado ao desenvolvimento de simuladores para procedimentos cirúrgicos."
21194,Abdus USP,AbdusUSP,Instituto de Física USP,IFUSP,São Paulo,SP,False,"O laboratório é uma extensão do laboratório BINGO e de suas atividades, dentro do âmbito do Radio Telescópio BINGO, que mede as Oscilações de Bárions, Rajadas Rápidas de Rádio e problemas correlatos em Cosmologia e Astrofísica. O projeto é uma colaboração Brasil-China com a inclusão de outros membros menores, e está incluso no acordo Brasil-China assinado em Abril de 2023 pelos presidentes Lula da Silva pelo Brasil e Xi Jinping pela China"
14143,Academia de Musculação,Academia Musculação,Universidade Comunitária da Região de Chapecó - mantida pela Fundação Universitária do Desenvolvimento do Oeste,Unochapecó,Chapecó,SC,False,"São ministradas as disciplina de Atividades de Academia I e II, Bases do Treinamento Esportivo e Fisiologia do Exercício. O espaço da academia também atende público interno da Unochapecó (funcionários e acadêmicos) e público externo."
41860,Acervo da Palavra Altamirense,APA,"Instituto Federal de Educação, Ciência e Tecnologia do Pará",IFPA,Altamira,PA,False,"O Laboratório Acervo da Palavra Altamirense dedica-se ao resgate, preservação, restauração e digitalização de documentos e registros históricos de Altamira e da região do Xingu. Atua na salvaguarda da memória cultural e social, promovendo o acesso público à informação, a valorização da identidade local e a formação de estudantes em pesquisa e preservação documental."
31198,Acervo de Documentação Histórica Musical,ADoHM,Universidade Federal da Bahia,UFBA,Salvador,BA,True,"O Acervo de Documentação Histórica Musical (ADoHM) tem como objetivos a preservação da documentação musical e relativa à música e o tratamento da informação nela contida, com a finalidade de garantir o acesso para fins de pesquisa e, quando legalmente possível, disseminá-la pela internet. Configura um espaço ao mesmo tempo técnico, científico e pedagógico. O seu funcionamento garante a guarda, tratamento e acesso à memória documental musical aos seus cuidados."
16090,"Acervo de Rochas, Minerais e Fósseis",Paleo&RM,Museu Paraense Emílio Goeldi,MPEG,Belém,PA,False,"O acervo de Rochas, Minerais e Fósseis do Museu Emílio Goeldi dispõe de uma coleção diversa de rochas, minerais e fósseis, principalmente da região amazônica. O acervo de fósseis é sub-dividido em quatro sub-coleções: Paleovertebrados, Paleoinvertebrados, Paleobotânica e Microfósseis."
39911,Acervo e Texto,AcTex,Universidade Federal de São Carlos,UFSCAR,São Carlos,SP,False,"O Laboratório busca promover a preservação, digitalização, análise crítica e acesso a acervos textuais através de plataformas abertas para consulta, navegação e reutilização dos materiais catalogados. Cada acervo digitalizado acaba por constituir um corpus de trabalho para diversas modalidades de pesquisa."
32189,Acervo Histórico de Autópsias do Departamento de Patologia da FMUSP,Acervo Patologia,Hospital das Clínicas da Faculdade de Medicina da Universidade de São Paulo,HCFMUSP,São Paulo,SP,False,"O Acervo de Autópsias do Departamento de Patologia da FMUSP registra e sistematiza as atividades de autópsia dos pacientes do Hospital das Clinicas desde 1932.
Este acervo contem amostras de doenças infecciosas, neoplásicas, manifestaçoes raras de doenças conhecidas, estando representadas todo o espectro de idades.
Além dos laudos, estão arquivados blocos de tecido parafinado dos casos correspondentes, passíveis de serem reestudados á luz das novas tecnologias de analise tecidual."
31580,Acervo LGBT+ Cintura Fina,Acervo LGBT+,Universidade Federal de Minas Gerais,UFMG,Belo Horizonte,MG,False,"O acervo LGBT+ Cintura Fina congrega reserva técnica de fontes variadas sobre a comunidade LGBT+ e um conjunto de ações de formação, de pesquisa e extensão para preservação da memória e reparação de direitos silenciados."
41521,Acervo Museológico da Física,AMF,Universidade Federal do Pará,UFPA,Belém,PA,False,"O Acervo Museológico da Física (AMF) da Universidade Federal do Pará (UFPA) tem como meta funcionar como um suporte de educação científica e tecnológica informal, reunindo um conjunto de equipamentos históricos pertencentes originalmente à antiga Escola de Engenharia do Pará (1931 - 1970), ao Núcleo de Física e Matemática (NFM) (1961 - 1969) e ao Laboratório de Física da UFPA (1971 - atual)."
31840,ACERVO PIAUÍ,APIBC,Universidade Federal do Piauí,UFPI,Teresina,PI,False,"O acervo Piauí,, possui um notório valor histórico e cultural perante o público, e conta com um considerável volume de publicações, que apresenta um panorama do estado do Piauí em todos os seus aspectos: literatura, história, cultura, arte, ciências, etc. A coleção possui atualmente 2.241 títulos e 6.516 exemplares, dividida entre livros, periódicos, obras de referência, dentre outros, cujas obras tenham como tema o estado do Piauí."
14084,ACIN Jornalismo,Acin Jornalismo,Universidade Comunitária da Região de Chapecó - mantida pela Fundação Universitária do Desenvolvimento do Oeste,Unochapecó,Chapecó,SC,False,"""A Agência de Comunicação integrada – ACIN Jornalismo é um laboratório e campo de estágio do curso de Jornalismo, no qual são desenvolvidos trabalhos semelhantes aos desenvolvidos pelas agências do mercado."""
14085,ACIN Publicidade,ACIN Publicidade,Universidade Comunitária da Região de Chapecó - mantida pela Fundação Universitária do Desenvolvimento do Oeste,Unochapecó,Chapecó,SC,False,"A Agência de Comunicação integrada – ACIN Publicidade é um laboratório e campo de estágio, no qual são desenvolvidos trabalhos semelhantes aos desenvolvidos pelas agências do mercado."
7211,advanced Power Technologies and Innovations in systems - Smart Grids Group,aPTIs SG²,Universidade Federal de Itajubá,UNIFEI,Itajubá,MG,False,"Grupo de Estudos, Ensino, Pesquisa e Extensão em Tecnologias de Potência Avançadas e Inovações em Sistemas e Redes Elétricas Inteligentes (aPTIs-SG²), da Universidade Federal de Itajubá - UNIFEI. Este grupo de pesquisa foi criado como parte do Projeto CNPq 404927/2013-0: Estudo e Desenvolvimento de Metodologias e Tecnologias para Supervisão e Operação de Redes Elétricas Inteligentes"
11664,Advanced Robotics Lab,AdRoLab,Universidade Estadual de Campinas,UNICAMP,Campinas,SP,False,"The Advanced Robotics Lab provides innovative robotic solutions to help humans achieve tasks outside of a controlled factory environment. From assistive robotics that helps persons with disabilities recover their autonomy, to space robotics that helps humans explore the universe, the lab tackles with challenges of modern robotics from human-robot interaction to autonomous tasks completion in an intelligent manner."
42238,AEOLUS,AEOLUS,Universidade Federal de Santa Catarina,UFSC,Joinville,SC,False,"AEOLUS é um laboratório destinado a pesquisas experimentais nas áreas de mecânica dos fluidos, aerodinâmica, propulsão, turbulência, aeroacústica e aeroelasticidade que abrangem, mas não são limitadas às áreas aeroespacial, automotiva, naval, infraestrutura civil, e ferroviária e metroviária."
40853,Agência de Publicidade e Propaganda,APP,Universidade Católica de Santos,UNISANTOS,Santos,SP,False,"A Agência de Publicidade e Propaganda está localizada no Centro de Pesquisa e Tecnologia - no Departamento de Laboratórios (DLA) - e tem por finalidade atender aos cursos de Graduação, Pesquisa e Extensão da Universidade. Nesse espaço o professor supervisiona a elaboração e finalização de peças publicitárias para o mercado profissional, permitindo o atendimento a um cliente na elaboração de briefing, brainstorm e definição de uma estratégia da mensagem e sua aplicação nas peças publicitárias."
25184,AgriTech Symbiosis Lab,AgriTech Lab,Universidade Estadual do Oeste do Paraná,UNIOESTE,Toledo,PR,True,"O AgriTech Symbiosis LAB é composto por uma rede de laboratórios de pesquisa e prestação de serviço com foco em sustentabilidade e crescimento das cadeias produtivas agroalimentares. Os laboratórios são: Engenharias Sustentáveis - LES; Processos de Separação - LPS; Materiais Nanoestruturados, Eletroquímica e Catálise - GENPEC; e Lab. de Ensino, Pesquisa e Extensão para a Engenharia Química - LEPEQ e Microbiologia e biotecnologia - LAMIBI. Estes ficam nos campus de Toledo e Cascavel"
16083,Agroindústria,Agroindústria,Instituto Federal Catarinense,IF-CATARINENSE,Araquari,SC,True,Laboratório de aulas práticas
7383,Agroindústria,Agroindústria,"Instituto Federal de Educação, Ciência e Tecnologia do Amazonas",IFAM,Manaus,AM,False,"Laboratório voltado ao ensino, pesquisa e extensão dos diversos tipos de processamento e tecnologia de Alimentos de origem animal e vegetal."
4355,Água & Ambiente Construído,AAC,Universidade de Brasília,UNB,Brasília,DF,False,"Água & Ambiente Construído é um laboratório de pesquisa interdisciplinar que explora as relações da água no ambiente construído, da microescala (da edificação) à macroescala (da cidade). O laboratório tem como principal finalidade o desenvolvimento de pesquisas sobre conservação de água, saneamento ambiental e drenagem urbana sustentável."
34480,Ajustagem Mecânica,CHA - AJUSTAGEM,Instituto Federal de Santa Catarina,IFSC,Chapecó,SC,False,"Laboratório conta com bancadas e morsas para trabalhos manuais de ajustagem. Possui ferramentas como arcos de serra, limas, ricadores, brocas, machos, cossinetes, entre outros. Conta com 04 furadeiras de bancada, 01 furadeira fresadora e 01 torno convencional."
38089,ALIA - Laboratório de Inteligência Artificial,ALIA,Insituto Atlântico,ATLANTICO,Fortaleza,CE,True,"O ALIA (Laboratório de Inovação Aberta) é um centro de pesquisa e desenvolvimento que atua em prol da indústria e da sociedade. Seu foco está na realização de experimentos nas seguintes áreas: Automação e Sistemas Inteligentes, Conectividade e Computação Distribuída, Inteligência Artificial, Realidade Virtual e Sistemas Imersivos. O ALIA desempenha um papel fundamental na inovação tecnológica e na busca por soluções que impactam positivamente nossa sociedade e economia."
6496,"Alimentos, Química, Agronomia e Recursos Hídricos",AQARH,"Instituto Federal de Educação, Ciência e Tecnologia do Maranhão - campus Codó",IFMA - Codó,Codó,MA,False,"Laboratório de pesquisa multidisciplinar de suporte aos cursos técnicos e superiores, visando apoio ao desenvolvimento de atividades de Ensino, Pesquisa e Extensão, com foco nos processos de Pesquisa e Desenvolvimento (P&D), buscando soluções sustentáveis, inteligentes e inovadoras."
1062,ALTOS CAMPOS E BAIXAS TEMPERATURAS,LACBT,Universidade Federal do Rio Grande do Norte,UFRN,Natal,RN,False,"O laboratório LACBT está localizado no departamento de Física Teórica e Experimental (DFTE). O laboratório LACBT é multiusuário, trata-se de um espaço destinado a acomodação do equipamento de Sistema de Medidas de Propriedades Físicas (SMPF)"
47590,Amazônia Space Hub,ASH,Instituto Sustentabilidade da Amazônia com Ciência e Inovação,iSACI,Belém,PA,False,"O Amazônia Space Hub é um espaço de inovação e cooperação internacional voltado ao desenvolvimento de soluções baseadas em observação da Terra, inteligência artificial e ciência de dados aplicadas aos desafios da Amazônia. O Hub conecta instituições e atua em monitoramento ambiental, mudanças climáticas, bioeconomia e inteligência territorial, promovendo pesquisa, desenvolvimento tecnológico e transferência de conhecimento para soluções sustentáveis."
8716,"Ambiente Cooperativo de Pesquisa em Modelagem, Simulação e Caracterização de Sistemas no Campus de Araranguá",ACOPES-ARA,Universidade Federal de Santa Catarina,UFSC,Araranguá,SC,False,"O laboratório multiusuário ACOPES-ARA no Campus Araranguá reforça a integração entres as áreas de ciências, engenharias e tecnologias com a área da saúde."
15875,Ambiente e Saúde,Fiocruz-RPT 16A/b,Fundação Oswaldo Cruz,FIOCRUZ,Rio de Janeiro,RJ,False,"Localizada na ENSP/Fiocruz, essa plataforma é voltada para as áreas de saúde ambiental e humana com ênfase na qualidade de água, nos estudos em matrizes ambientais e biológicas e na toxicologia (efeitos nocivos de substâncias químicas em trabalhadores/população). Possui infraestrutura organizada para oferecer acesso às tecnologias analíticas para a comunidade científica, parcerias com instituições públicas e apoio aos órgãos de vigilância ambiental do Ministério da Saúde."
27351,Ambiente para Projetos de Inovação e Capacitação Empreendedora,ÁPICE,"Instituto Federal de Educação, Ciência e Tecnologia de Minas Gerais",IFMG,Ribeirão das Neves,MG,False,"O Ápice destina-se a apoiar e pré-incubar empreendimentos e empresas de base tecnológica, sociais e tradicionais, de forma a propiciar ambientes e condições adequadas para o funcionamento, desenvolvimento e consolidação dos empreendimentos. Além disso, tem o propósito de difundir para a sociedade novas abordagens de ensino, baseadas em Metodologias Ativas e difusão de uma cultura empreendedora com enfoque na inovação."
22209,Ambulatórios de Nutrição Clinica,ANC,Universidade Federal da Bahia,UFBA,Salvador,BA,False,"Os ambulatórios de nutrição estão vinculados ao Departamento Ciência da Nutrição da Escola de Nutrição/UFBA. Eles funcionam como espaço acadêmico e de serviços especializado para a realização de atendimento nutricional à comunidade nas áreas de obesidade, transtornos alimentares, gastro e hepatologia, DM, HAS, nefrologia, geriatria e pediatria.  Os atendimentos são gratuitos e realizados por nutricionistas, residentes e estudantes em formação sob supervisão dos professores ."
2024,Análise de Alimentos,LANALI,Instituto Federal de Santa Catarina,IFSC,Urupema,SC,False,"O laboratório de análise de alimentos dá suporte para os cursos superiores de Tecnologia em Alimentos e Tecnologia em Viticultura e Enologia. Desenvolve práticas de análise de alimentos, determinação de proteínas, amido, grau brix, e também bebidas.  "
411,Análise de Bacias Sedimentares e Caracterização de Reservatórios,LABAC,Universidade Federal de Santa Catarina,UFSC,Florianópolis,SC,False,"O LABAC desenvolve estudos estratigráficos, proveniência e petrofísicos de reservatórios. Realiza modelagem geológica com técnicas de Aprendizado de Máquinas para classificação automatizada fácies sedimentares e modelagem numérica de processos geológicos diversos aplicando Redes Neurais Convolucionais."
27637,Análise Instrumental,AI,SERVICO NACIONAL DE APRENDIZAGEM INDUSTRIAL - SENAI Telêmaco Borba,SENAI Telêmaco Borba,Telêmaco Borba,PR,True,"O LAI é um núcleo avançado de análise instrumental, especializado em microscopia eletrônica, calorimetria, cromatografia e espectrometria. Com equipamentos de ponta, oferecemos soluções precisas para a pesquisa, desenvolvimento e controle de qualidade em diversos setores científicos e industriais."
40687,Análises Clínicas,ANC,Universidade Católica de Santos,UNISANTOS,Santos,SP,False,"O Laboratório de Análise Clinicas está localizado no Centro de Pesquisa e Tecnologia no Departamento de Laboratórios ,DLA Têm como finalidade dar suporte aos  componentes curriculares principalmente da área da saúde dos cursos de graduação, pesquisa e extensão da Instituição.  São realizados experimentos que estudam os exames laboratoriais como exames de sangue e urina, assim como as análises bioquímicas e toxicológicas."
16835,Análise Sensorial de Alimentos,Análise Sensorial,"Instituto Federal de Educação, Ciência e Tecnologia do Norte de Minas Gerais",IFNMG,Salinas,MG,False,"Neste laboratório são realizadas atividades de ensino, pesquisa e extensão de cursos técnicos e superiores do IFNMG Campus Salinas."
39968,Anatomia,ANT,Universidade Católica de Santos,UNISANTOS,Santos,SP,False,"O Laboratório de Anatomia está localizado no Centro de Pesquisa e Tecnologia do Departamento de Laboratórios - DLA, na Universidade Católica de Santos e é um ambiente especializado para o estudo do corpo humano. Este laboratório é um espaço fundamental para o estudo a formação de profissionais da área da saúde da graduação, pesquisa e  extensão da Universidade."
21850,Anestesiologia Experimental,Anestexp,UNIVERSIDADE FEDERAL RURAL DO SEMI-ÁRIDO ,UFERSA,Mossoró,RN,True,"O Laboratório de Anestesiologia Experimental apresenta um área de 

É utilizado principalmente para fazer análises no sangue dos animais. O laboratório conta com um aparelho de cromatrografia líquida de alta eficiência Shimadzu Prominence com coluna de fase reversa C-18 acoplado a um detector ultravioleta, um equipamento automatizado para realização de hemograma SDH-3 Vet, e analisador de bioquímico automatizado, Vários kits de pipetas automáticas, Vortex, Banhos-maria, Centrífuga refrigerada."
8120,Angle-resolved PhotoEmission spectroscopy beamline,SAPE,Centro Nacional de Pesquisa em Energia e Materiais,CNPEM,Campinas,SP,False,"SAPÊ (Angle-resolved PhotoEmission) é uma linha de luz dedicata à experimentos de espectrocopia de  fotoemissão resolvida em ângulo (ARPES) , com alta resolução em energia e momento, na faixa do ultravioleta de vácuo (VUV) do espectro eletromagnético. Tais experimentos permitem a análise da estrutura eletrônica de materiais cristalinos e é uma ferramenta essencial  para o estudo de fronteira de novos materiais."
1715,Applied Thermodynamics and Molecular Simulation,ATOMS ,Universidade Federal do Rio de Janeiro,UFRJ,Rio de Janeiro,RJ,False,"ATOMS (Applied Thermodynamics and Molecular Simulation) é um grupo de pesquisa dedicado ao desenvolvimento de ferramentas teóricas, experimentais e computacionais nas áreas de termodinâmica clássica, estatística e irreversível, e à aplicação dessas ferramentas na solução de problemas de ambos. interesse acadêmico e industrial."
19770,Applied Visual Computing Lab,AVC Lab,Universidade Federal do Piauí,UFPI,Teresina,PI,False,"O Laboratório de Computação Visual Aplicada (Applied Visual Computing Lab - AVC Lab) é dedicado à pesquisa inovadora nas áreas de Visão Computacional, Processamento de Imagens, Computação Gráfica e Interação Humano-Computador. Nossa missão é aplicar esses avanços tecnológicos de maneira prática e impactante em diversos campos do conhecimento."
19199,AraguaiaBiotech - Laboratório de Inovação Biotecnológica,ABLIB,FUNDACAO UNIVERSIDADE DO ESTADO DE MATO GROSSO,UNEMAT,Nova Xavantina,MT,False,"AraguaiaBiotech: Laboratório de Inovação Biotecnológica, capaz de gerar soluções que atendam às demandas da sociedade, especialmente da região sul da Amazônia Legal. Será o primeiro laboratório aberto de genômica e prototipagem da região e estenderá a sua atuação para empresas, startups e organizações já estabelecidas."
43454,"Área de Metrologia Espacial do Laboratório de Integração e Testes, LIT/COMIT/CGIP/INPE",AMLIT,Instituto Nacional de Pesquisas Espaciais,INPE,São José dos Campos,SP,False,"A Área de Metrologia Espacial  faz parte do complexo de laboratórios que constituem o Laboratório de Integração e Testes - LIT do Instituto Nacional de Pesquisas Espaciais - INPE. Na sua atual configuração, a AMLIT possui o seguinte conjunto de laboratórios, a saber: Laboratório de Metrologia Mecânica (MTM); Laboratório de Metrologia Elétrica (MTE); Laboratório de Metrologia Física (MTF); e Laboratório de Metrologia de Alta Frequência e Telecomunicações (MTR)."
12468,Área de Plantas Piloto da Embrapa Agroenergia,APP,Empresa Brasileira de Pesquisa Agropecuária,EMBRAPA,Brasília,DF,False,"Esta área trabalha com escalonamento de processos de produção de biodiesel, gaseificação, pré-tratamento/conversão de biomassa em reatores de alta pressão, cultivo de microalgas em fotobiorreatores, biodigestão anaeróbica e fermentação. Tratamento físico de matérias-primas. Construção de protótipos e equipamentos."
30628,Área Didático Científica do Viveiro,ADEV,Universidade Federal de Mato Grosso,UFMT,Sinop,MT,False,Laboratório multiusuário: Análises gerais de plantas; Avaliações fitotécnicas; atende a quatro cursos: Agronomia; Eng. Florestal; Eng. Agríciola e Zootecnia; Medições de plantas como massa seca da parte aérea; área foliar; avaliação de raízes; parâmetros gerais de plantas cultivadas e espécies florestais.
2650,Área Experimental Florestal,AEF,Universidade Federal de Santa Catarina,UFSC,Curitibanos,SC,False,"A Área Experimental Florestal é um convênio entre UFSC/EMBRAPA/EPAGRI e possui 42 hectares nos quais são desenvolvidos projetos relacionados à produção florestal, melhoramento florestal, ecologia e fitossociologia. Também possui em suas dependências um arboreto e um viveiro para a produção de mudas florestais. Além disso, conta com áreas de florestas nativas destinadas à Área de Preservação Permanente e Reserva Legal."
47126,Área Experimental - UNISC,AE,Universidade de Santa Cruz do Sul,UNISC,Venâncio Aires,RS,False,"A Área Experimental da UNISC é uma estrutura vinculada ao Curso de Agronomia, localizada no campus de Venâncio Aires, destinada ao desenvolvimento de atividades de ensino, pesquisa, extensão, inovação e prestação de serviços tecnológicos. O laboratório possibilita a condução de experimentos agronômicos, validação de tecnologias, unidades demonstrativas e projetos de P&D, promovendo a integração entre universidade, setor produtivo e sociedade."
41946,Área Zoologia do Museu de Diversidade Biológica da Unicamp,ZUEC- MDBio,Universidade Estadual de Campinas,UNICAMP,Campinas,SP,True,"O Museu de Diversidade Biológica (MDBio), área Zoologia, salvaguarda mais de 1 milhão de espécimes animais, entre vertebrados e invertebrados. O acervo é mantido em amplas salas com climatização e desumidificadores. O MDBio dispõe também de salas de estudo/consulta de espécimes as quais possuem equipamentos ópticos."
41315,Arquivo Central da Universidade de Brasília,ACE,Universidade de Brasília,UNB,Brasília,DF,False,"O Arquivo Central da UnB é responsável pela custódia, gestão, preservação e acesso aos documentos produzidos pela Universidade. Coordena a política arquivística, orienta as unidades, organiza e descreve acervos, preserva documentos intermediários e permanentes e desenvolve atividades que articulam a prática arquivística com a produção acadêmica e a difusão da memória institucional."
31350,Arquivo da Faculdade de Direito do Recife,AFDR,Universidade Federal de Pernambuco,UFPE,Recife,PE,False,"O Setor de Arquivo é uma unidade da Faculdade de Direito da Universidade Federal de Pernambuco é responsável pela custódia, processamento técnico, conservação e acesso a documentos produzidos e  recebidos pelo Curso Jurídico de Olinda e pela Faculdade de Direito do Recife, em função de suas atividades  administrativas e acadêmicas."
36990,Arquivo de História da Ciência,AHC,Museu de Astronomia e Ciências Afins,MAST,Rio de Janeiro,RJ,False,"O Arquivo de História da Ciência do MAST cuida de arquivos pessoais e institucionais de elevado valor histórico. Como todo acervo documental de valor histórico tratam-se de conjuntos únicos, que são organizados arquivisticamente e, a partir de tal organização, o AHC produz instrumentos de busca que facilitam o acesso às informações contidas nesses acervos."
8539,Arquivo Edgard Leuenroth,AEL,Universidade Estadual de Campinas,UNICAMP,Campinas,SP,False,"O projeto tem por objetivo melhorar a infraestrutura de climatização e otimização do mobiliário de guarda do Centro de Pesquisa e Documentação Social Arquivo Edgard Leuenroth, o qual abriga a secretaria da Central de Equipamentos Multiusuários e Serviços Compartilhados do Instituto (CEMSC-IFCH). 
O AEL presta serviços aos 6 programas de pós-graduação do IFCH e à comunidade externa no campo da preservação e difusão da memória social, restauração e digitalização de acervos."
31683,Arquivo e Memória Institucional,ARQMI,Centro Federal de Educação Tecnológica de Minas Gerais,CEFET-MG,Belo Horizonte,MG,True,"O Arquivo e Memória Institucional (ARQMI) do Centro Federal de Educação Tecnológica de Minas Gerais (CEFET-MG), criado pela Portaria DIR Nº 252/2020, de 20 de abril de 2020, desenvolve atividades típicas da Gestão de Documentos e também atividades envolvendo o tratamento do arquivo permanente, como a produção de inventários e outros documentos. O acervo do ARQMI é composto, atualmente, por três fundos, indo de 1910 ao período atual."
41355,Arquivo Histórico Regional,AHR,Universidade de Passo Fundo,UPF,Passo Fundo,RS,True,"O Arquivo Histórico Regional (AHR) iniciou suas atividades com a denominação de Museu e Arquivo Histórico Regional, no Campus I, em 1984, até se tornar independente nos anos 1990. O AHR está vinculado ao Programa de Pós-Graduação em História da UPF e ao curso de graduação em História, servindo de local de guarda, conservação e disponibilização de acervos para pesquisa, ensino e amparo à atividades de extensão e inovação. Sobretudo é um laboratório para pesquisadores da cidade e região, vetor par"
31955,Arquivo Intermediário da Faculdade de Arquitetura da Universidade Federal da Bahia,ARQ/FAUFBA,Universidade Federal da Bahia,UFBA,Salvador,BA,False,"O Arquivo Intermediário da Faculdade de Arquitetura da Universidade Federal da Bahia (ARQ/FAUFBA) é responsável por custodiar toda a documentação arquivística da Faculdade, e tem a missão de conservar e preservar a memória institucional da FAUFBA e, por sua vez, da Arquitetura e do Urbanismo em Salvador e na Bahia."
24624,"Arquivos Históricos do Centro de Lógica, Epistemologia e História da Cência",CLEArq,Universidade Estadual de Campinas,UNICAMP,Campinas,SP,False,"Contribui para recuperar e preservar a memória científica nacional.  As fontes primárias sob a guarda dos Arquivos Históricos (ArqHist ou CLEArq), registram científica, economicamente e até filosoficamente a evolução e consolidação na ciência no Brasil.. Trata-se de documentação relevante para discussões sobre o desenvolvimento científico, tecnológico e educacional de nosso país. A consulta do acervo é pública"
27391,Artificial Intelligence Research Center for Applied Healthcare of Santa Catarina,AI4HealthSC,Universidade do Oeste de Santa Catarina,Unoesc,Joaçaba,SC,False,"O AI4HealthSC é um centro de pesquisa em Inteligência Artificial aplicado à saúde, implementado para o desenvolvimento de pesquisas científicas, tecnológicas e de inovação, facilitando a interdisciplinaridade, a educação e a transferência de conhecimento em todos os aspectos da Inteligência Artificial com projetos de pesquisa de excelência na área da saúde no estado de Santa Catarina."
29649,Artificial Intelligence Research Group and Laboratory,Airgolab,Centro Federal de Educação Tecnológica Celso Suckow da Fonseca,Cefet/RJ,Rio de Janeiro,RJ,True,"O AirGoLab (Artificial Intelligence Research Group and Laboratory) é o laboratório do Centro Federal de Educação Tecnológica criado para desenvolver pesquisa, desenvolvimento e inovação em Inteligência Artificial (IA), com foco em Ciência de Dados. A busca incessante pela inovação é o compromisso e a missão primordial do AirGoLab. Outro propósito do AirGoLab é transferir o conhecimento produzido para o setor da indústria."
11623,Assistive - Laboratório para desenvolvimento e disseminação de Tecnologia Assistiva,Assistive,Universidade Federal de Pernambuco,UFPE,Recife,PE,False,"O Assistive foi fundado em 2014 com a missão de desenvolver e disseminar pesquisa e inovação em Tecnologia Assistiva no Brasil. O laboratório tem se destacado nacionalmente por já ter desenvolvido a plataforma aBoard (descontinuada) e estar desenvolvendo a plataforma reaact (www.reaact.com.br) – ambas para Comunicação Aumentativa e Alternativa a partir da seleção de imagens com legendas que formarão frases para expressar comentários, desejos, sentimentos e angustias."
36420,ASSOCIAÇÃO DOS PRODUTORES DE SEMENTES DE MATO GROSSO,LABORATÓRIO BIOMAT,ASSOCIAÇÃO DOS PRODUTORES DE SEMENTES DE MATO GROSSO,APROSMAT,Rondonópolis,MT,False,"Laboratório de HPLC: especializado em análises cromatográficas de sementes tratadas. Utilizando tecnologia avançada, permite a detecção de resíduos de defensivos agrícolas e a avaliação detalhada dos produtos aplicados nas sementes"
31324,"Atelier de Conservação, Revitalização e Digitalização de Acervos da UFPE",ACORDA,Universidade Federal de Pernambuco,UFPE,Recife,PE,False,"O ACORDA tem como objetivo central garantir a preservação dos bens culturais da UFPE. Entre suas principais metas estão a disseminação de técnicas e métodos que atuem na mitigação de danos aos acervos e o processo de extroversão dos bens culturais preservados. Esse processo inclui ações de preservação/conservação preventiva, restauro, documentação, digitalização de acervos, pesquisa e desenvolvimento, educação e formação de equipes e gestão de riscos."
44062,ATLAS - Laboratório de Geociências e Cieência Humanas.,ATLAS,Instituto Federal de Brasília,IFB,Brasília,DF,False,"O ATLAS – Laboratório de Geotecnologias e Ciências Humanas é um ambiente multiusuário voltado à pesquisa aplicada, desenvolvimento metodológico e produção científica em geotecnologias, com foco em modelagem espacial, análise ambiental e integração de dados territoriais em múltiplas escalas. Atua de forma complementar a outras infraestruturas, apoiando ensino, pesquisa e inteligência territorial."
16495,Atomic Rocket Poa,Lab 101,Universidade do Vale do Rio dos Sinos,UNISINOS,Porto Alegre,RS,False,Atomic Rocket Entertainment é um estúdio de desenvolvimento de jogos da Graduação Tecnológica em Jogos Digitais da Unisinos. Tem o objetivo de preparar profissionais para o mercado e fomentar a indústria criativa na área de jogos.
32088,Auditório do CEDOC,Auditório do CEDOC,Universidade Estadual do Sudoeste da Bahia,UESB,Vitória da Conquista,BA,False,"Apoio a atividades de extensão, ensino eventos culturaiane educacionais"
33721,Auditório Glauber Rocha,AUDVDC,Universidade Estadual do Sudoeste da Bahia,UESB,Vitória da Conquista,BA,False,"Auditório com som acústico, iluminação cênica, piso, movelaria, poltronas, climatização, pintura e normas de acessibilidade, segurança e emergência. Possui capacidade para 300 pessoas."
33720,Auditório Juvino Oliveira,AUDITA,Universidade Estadual do Sudoeste da Bahia,UESB,Itapetinga,BA,False,"Auditório equipado com som acústico, iluminação cênica, piso, movelaria, poltronas, climatização e normas de acessibilidade, segurança e emergência, com capacidade para 360 (trezentos e sessenta pessoas)"
33722,Auditório Waly Salomão,AUDJQ,Universidade Estadual do Sudoeste da Bahia,UESB,Jequié,BA,False,"Auditório com som acústico, iluminação cênica, piso, movelaria, climatização e normas de acessibilidade, segurança e emergência. Capacidade para 250 pessoas."
652,Automação,LAU,Instituto Federal de Santa Catarina,IFSC,Jaraguá do Sul,SC,False,"O laboratório possui controladores lógicos programáveis, inversores de frequência, soft starters, interfaces homem máquina, motores de indução trifásicos, servomotores, entre outros equipamentos e é utilizado no apoio ao ensino de disciplinas como Automação Básica, Automação Industrial, Acionamentos Elétricos e Automação da Manufatura dos cursos Técnicos, de Tecnologia e Bacharelado do campus.  Além de propiciar realização de pesquisa aplicada na área elétrica."
17274,Automação e Robótica Inteligentes,NAUTEC,Universidade Federal do Rio Grande,FURG,Rio Grande,RS,False,"O objetivo deste grupo é pesquisar e desenvolver novos dispositivos e técnicas computacionais para análise, modelagem, percepção, visualização e controle de robôs e dispositivos, sejam estas constituintes de Sistemas de Automação, bem como agrupadas em Sistemas Robóticos. O trabalho desenvolvido tem como principais aplicações as industrias de óleo, gás e energia, além dos ecosistemas oceânicos e costeiros. O laboratorio conta com um grande quantidade de robôs, instrumentos e sensores."
44361,Automação Industrial,Automação Industrial,Universidade Federal de Itajubá,UNIFEI,Itabira,MG,True,"Laboratório de ensino com equipamentos destinados a experimentos envolvendo a programação e estudo de controladores lógico-programáveis (CLP), comunicação de dados entre CLPs, desenvolvimento e estudo de sistemas de supervisão industrial e interfaces homem-máquina e modelagem de sistemas de automação. Instalado no Prédio II – Sala 2109 conta com área total de 40 𝑚2. Atende as disciplinas de Automação Industrial I, Laboratório de Automação de Sistemas Industriais II e Redes Industriais."
11516,Avaliações Clínicas e Funcionais em Reabilitação,ACL01,Hospital das Clínicas da Faculdade de Medicina da Universidade de São Paulo,HCFMUSP,São Paulo,SP,False,"O Núcleo de Avaliações Clínicas e Funcionais em Reabilitação, sediado no Instituto de Medicina Física e Reabilitação do HCFMUSP (unidade Vila Mariana), reúne uma grande variedade de equipamentos para a coleta e o processamentos de dados clínicos e funcionais, assim como instrumentos e instalações para a pesquisa e o desenvolvimento de novas tecnologias de reabilitação e tecnologia assistiva."
5494,Aviário Escola de Frangos de Corte,AEFC,Universidade Federal de Goiás,UFG,Goiânia,GO,False,"O Aviário Escola é um galpão de frangos de corte com capacidade para 23 mil frangos que tem como objetivo de realizar pesquisas científicas em frangos de corte e proporcionar treinamentos técnico-prático com a finalidade de complementar o processo ensino-aprendizagem, promovendo o aperfeiçoamento técnico de mão-de-obra especializada para trabalhar em granjas de frangos de corte."
4477,Baculovirus,BacLab,Universidade de Brasília,UNB,Brasília,DF,False,"O laboratório é especializado no estudo de vírus e seu uso na biotecnologia. O principal foco é o estudo de vírus patogênicos a insetos visando o controle de pragas e expressão de proteínas recombinantes em células de insetos. Além disso, o laboratório utiliza a técnica de sequenciamento de nova geração para estudo da  diversidade de vírus em insetos, plantas e animais."
26603,BAG Piper - Banco Ativo de Germoplasma de Piper,BAG-Pipers,Embrapa Acre,CPAF-AC,Rio Branco,AC,False,"O BAG-Pipers está localizados nas dependências da Embrapa Acre. Atua na área de Infraestrutura de conservação, caracterização e intercâmbio de recursos genéticos de Piper (aduncum, hispidinervum e affinis) produtoras de óleo essencial constituindo a maior coleção de variedades deste gênero botânico no Brasil."
47694,Banco Ativo de Germoplasma (Cucurbitáceas e plantas cultivadas),BAG IFGoiano - Iporá,Instituto Federal Goiano,IF GOIANO,Iporá,GO,True,"Criado a partir de projeto financiado pelo CNPq, em 40/2014, o laboratório dedica-se à conservação, melhoramento e estudo de recursos genéticos vegetais por meio de seu Banco Ativo de Germoplasma (BAG). Focado na preservação e caracterização da variabilidade genética de culturas com relevância agronômica e socioeconômica, com atuação central nas Cucurbitáceas, com ênfase especial na diversidade de abóboras e na cultura do milho, unindo inovação científica e sustentabilidade agrícola."
26000,Banco Ativo de Germoplasma de Arroz e Feijão,BAG Arroz e Feijão,EMBRAPA ARROZ E FEIJÃO,CNPAF,s. antonio de goias,GO,False,"Infraestrutura de conservação, caracterização e intercâmbio de recursos genéticos de arroz (Oryza spp.) e feijão (Phaseolus spp.), constituindo a maior coleção de variedades destes dois gêneros botânicos no Brasil."
26967,Banco Ativo de Germoplasma de  mandioca e fruteiras,BAGs,Centro Nacional de Pesquisa de Mandioca e Fruticultura Tropical,CNPMF,Cruz das Almas,BA,False,"Infraestrutura de conservação, caracterização e intercâmbio de recursos genéticos de mandioca (Manihot spp.), abacaxi (Ananas spp.), banana (Musa spp), citros (citrus spp.) mamão (Carica spp), maracujá (Passiflora spp.), constituindo a maior coleção de variedades destes destas espécies no Brasil."
26592,Banco Ativo de Germoplasma de Soja,BAG Soja,Centro Nacional de Pesquisa de Soja,Embrapa Soja,Londrina,PR,False,"O BAG Soja abriga uma das maiores colecoes de germoplasma do mundo, sendo o maior em variabailidade genética, contendo germoplasma temperado e tropical, e tem com objetivo de conservar recursos genéticos de soja, além da caracterização e intercambio. A estrutura é constituida pelo laboratório, sala de trilha, casas de vegetacao e câmara fria com controle de temperatura e umidade (5º C e 21%). Tem capacidade para abrigar até 190 mil amostras de sementes, e possui hoje 65 mil acessos de soja."
25572,Banco Ativo de Germoplasma de Trigo,BAG Trigo,Empresa Brasileira de Pesquisa Agropecuária,EMBRAPA,Passo Fundo,RS,False,"O Banco Ativo de Germoplasma de Trigo (BAG Trigo) localizado na Embrapa Trigo, Passo Fundo, RS, foi fundado em 1978, e desde então se preocupa com a melhoria da conservação bem como a biodiversidade do trigo e espécies correlatas. Atualmente a Embrapa Trigo possui BAGs das seguintes espécies: Trigo, Triticale, Cevada, Centeio e Aveia. A maior coleção, porém, é a de Trigo, com cerca de 14.000 acessos."
23276,Banco de Células do Rio de Janeiro,BCRJ,ASSOCIAÇÃO TÉCNICO CIENTÍFICA PAUL EHRLICH - APABCAM,APABCAM,Duque de Caxias,RJ,False,"O Banco Células do Rio de Janeiro (BCRJ) é o resultado do trabalho conjunto de cientistas, técnicos e estudantes da Universidade Federal do Rio de Janeiro e da Associação Técnico-Científica Paul Ehrlich. Criado em 1980, por iniciativa do Professor Radovan Borojevic, o BCRJ tornou-se centro de referência e excelência em cultura de células no Brasil e no nosso continente. É a única coleção de células humanas e animais que atua como prestadora de serviços no Brasil e é a maior da América do Sul."
28592,Banco de Extratos Vegetais do Laboratório de Prospecção de Compostos Bioativos,LPCB,Empresa Brasileira de Pesquisa Agropecuária,EMBRAPA,Brasília,DF,False,"O Banco de Extratos Vegetais do Laboratório de Prospecção de Compostos Bioativos é parte do LPCB (Laboratório de Prospecção de Compostos Bioativos) da Embrapa Recursos Genéticos e Biotecnologia que desenvolve projetos de vanguarda com foco em soluções sustentáveis para o controle de pragas agrícolas. No LPCB, mergulhamos nas riquezas da natureza, prospectando extratos, frações e compostos biocidas derivados de plantas e cogumelos dos bancos de germoplasma da EMBRAPA e co-produtos industriais."
41918,Banco de Germoplasma de Phaseolus,BGP,Universidade Federal do Piauí,UFPI,Teresina,PI,False,Banco de sementes vinculado aos Laboratórios de Sementes e de Recursos Genéticos da UFPI dedicado à amostragem e conservação de sementes de variedades de Phaseolus.
14184,Banco de Testes com Simulação de Altitude,BTSA,Instituto Nacional de Pesquisas Espaciais,INPE,Cachoeira Paulista,SP,False,"O BTSA atende ao Programa Espacial Brasileiro, atuando no desenvolvimento e qualificação de propulsores espaciais (propulsores monopropelentes até 150N de empuxo e bipropelentes até 200N). Os testes podem ser realizados em modo contínuo ou pulsado.
Os propelentes que podem ser utilizados no BTSA são: hidrazina anidra em sistemas monopropelentes; monometil hidrazina como combustível e tetróxido de nitrogênio como oxidante em sistemas bipropelentes."
10726,Banco Genético da Embrapa,BGE,Empresa Brasileira de Pesquisa Agropecuária,EMBRAPA,Brasilia,DF,True,"O BGE abriga um conjunto de laboratórios com objetivo de conservar recursos genéticos animais, vegetais e de microrganismos. A estrutura é constituida pelos laboratórios de sementes,. criopreservação e conservação in vitro. O BGE tem capacidade para abrigar até 750 mil amostras de sementes, dez mil vegetais in vitro, além das coleções mantidas a - 180º C em nitrogênio líquido, método conhecido como criopreservação, que manterá mais de 200 mil amostras vegetais, animais ou de microrganismos."
27605,Bancos Ativos de Germoplasma de Forrageiras de Importância para o sul do Brasil,BAG FORSUL,Embrapa Pecuária Sul,CPPSul,Bagé,RS,False,"Os Bancos Ativos de Germoplasma (BAGs) são importantes repositórios para a conservação e uso de espécies nativas da Região Sul, e/ou de espécies bem adaptadas ao clima desta região do Brasil. O BAG de Gramíneas Forrageiras está inserido no Bioma Pampa, que é constituído, em grande parte, por campos naturais, onde são encontradas várias espécies nativas com grande potencial forrageiro. O BAG de Leguminosas Forrageiras do Sul possibilita a conservação da variabilidade genética de leguminosas."
27493,"Bancos ativos de germoplasma de Milho, Sorgo e Milheto","BAG Milho,Sorgo,Milh",Centro Nacional de Pesquisa de Milho e Sorgo,CNPMS,Sete Lagoas,MG,False,"Infraestrutura de conservação, caracterização e intercâmbio de recursos genéticos de milho, sorgo e milheto, preservando cerca 12.000 acessos no total, o que torna esses bancos de germoplasma de grande importância para a preservação da agrobiodiversidade, pesquisas e desenvolvimento de produtos com base nesses cereais."
27472,Bancos Ativos de Germoplasma Vegetal da Embrapa Meio-Norte,BAG-VEG_CPAMN,Centro de Pesquisa Agropecuária do Meio-Norte ,CPAMN,Teresina,PI,True,"A Embrapa Meio-Norte, unidade ecorregional, apresenta diversas ações de pesquisas ligadas a recursos genéticos vegetais, especialmente, focadas nas questões regionais. São conservados acessos de feijão-caupi, feijão-mungo e outras espécies do gênero Vigna; além de fruteiras nativas, babaçu e forrageiras nativas de porte arbóreo. O BAG Feijão-caupi, por exemplo, mantém mais de 4.000 acessos, os quais proporcionaram o desenvolvimento de mais de 30 cultivares comerciais."
28098,Bancos Ativos de Germoplasma Vegetal da Embrapa Recursos Genéticos e Biotecnologia - Arachis e Feijão-Fava,BAG Arachis/Feijão-f,Empresa Brasileira de Pesquisa Agropecuária,EMBRAPA,Brasília,DF,False,"Os BAGs de Arachis/Feijão-fava possuem infraestrutura de conservação, enriquecimento, caracterização e intercâmbio de germoplasma do feijão-fava e de parentes silvestres do amendoim. Os acessos vêm sendo amostrados desde 1980, em várias unidades da federação, em diferentes biomas brasileiros, constituindo um acervo com variabilidade genética disponível para pesquisa. Pela predominância da origem brasileira das espécies silvestres de Arachis, o BAG em pauta é o mais rico em diversidade no mundo."
13602,Barco de Pesquisa Alpha Delphini,B/Pq.AlphaDelphini,Instituto Oceanográfico da Universidade de São Paulo,IOUSP,São Paulo,SP,False,"Barco de pesquisa oceanográfico pertencente ao Instituto Oceanográfico da Universidade de São Paulo. Possui 25,92 metros de comprimento e 7,15 metros de largura, opera com 6 tripulantes e 24 pesquisadores no máximo. Tem autonomia de até 15 dias."
1572,Barco escola aprendendo com o mar,BE,Instituto Federal de Santa Catarina,IFSC,Itajaí,SC,False,"Barco oceânico tipo catamarã em fibra de vidro,  com  comprimento total de 12m, boca 6,5m e calado 0,60m. Esta embarcação é um verdadeiro laboratório e sala de aula flutuante, com capacidade para transporta até 30 pessoas. Autonomia de 7 dias de mar. Possui camarotes, banheiros, sala de navegação, cozinha, salas de máquinas, depósitos e amplo convés. Além de modernos equipamento de navegação possui diversos guichos utilizados para captura de organismos marinhos, sedimento de fundo e amostras ..."
16110,Base Avançada de Pesquisa do Pantanal,BAPP,Universidade Federal de Mato Grosso,UFMT,Poconé,MT,False,"A Base Avançada de Pesquisa do Pantanal é um ambiente institucional administrado e apoiado logisticamente pela Pró-Reitoria de Pesquisa da UFMT para utilização em pesquisas científicas relacionadas ao bioma Pantanal e, havendo disponibilidade de datas, também para atividades de ensino de graduação e pós-graduação da UFMT relacionadas. Maiores informações sobre a BAPP estão disponíveis no endereço ufmt.br/propeq (aba ""Base Avançada de Pesquisa do Pantanal"")."
29124,Base de Pesquisa em Métodos Estatísticos,BME,Universidade Federal do Rio Grande do Norte,UFRN,Natal,RN,False,"A Base de Pesquisa em Métodos Estatísticos (BME) foi criada em 2004, após uma política de capacitação do corpo docente do Departamento de Estatística da UFRN, com a finalidade de promover um ambiente de integração entre pesquisadores com interesses voltados ao desenvolvimento de métodos estatísticos. Atualmente, seu principal objetivo é desenvolver métodos estatísticos visando alcançar bons níveis de produção científica e melhoria do nível do curso de graduação em Estatística."
14501,Basic Research and Advanced Investigations in Neurosciences,BRAIN,Universidade Federal do Rio Grande do Sul,UFRGS,Porto Alegre,RS,False,Laboratório de pesquisa básica em genética e biologia molecular. Doenças raras (erros inatos do metabolismo).
34035,Bertha Lutz,Anatozoo,Instituto Federal de Brasília,IFB,Planaltina,DF,True,"Laboratório onde acontece atividades de ensino, pesquisa e desenvolvimento na área de anatomia e zoologia. Atende a todos os cursos do Campus Planaltina com peças anatômicas de origem animal e futuramente humanas."
35794,Biblioteca Central da UFRGS,BC,Universidade Federal do Rio Grande do Sul,UFRGS,Porto Alegre,RS,False,"A Biblioteca Central da UFRGS oferece coleções e serviços de informação e apoio acadêmico à comunidade universitária. Atua como órgão coordenador técnico do Sistema de Bibliotecas da UFRGS, composto por 31 bibliotecas. É uma estrutura multiusuária de apoio à pesquisa, que atende de forma ampla e transversal estudantes, docentes e pesquisadores, com foco na informação, na cultura e no conhecimento, além de apoiar a produção e a comunicação científica na Universidade."
31272,Biblioteca da Faculdade de Arquitetura da Universidade Federal da Bahia,BIB/FAUFBA,Universidade Federal da Bahia,UFBA,Salvador,BA,False,"A Biblioteca da Faculdade de Arquitetura da Universidade Federal da Bahia (BIB/FAUFBA) foi criada em 2 de outubro de 1960, quando a Faculdade completava seu primeiro ano de emancipação.

Instalada na Faculdade de Arquitetura, a Biblioteca tem como missão promover e disseminar o acesso e uso da informação, apoiando as atividades de Ensino, Pesquisa e Extensão da comunidade universitária e público externo."
31352,Biblioteca da Faculdade de Direito do Recife,BIBFDR,Universidade Federal de Pernambuco,UFPE,Recife,PE,False,"A Biblioteca da Faculdade de Direito do Recife é um setor especializado na área jurídica que dá suporte as atividades de ensino, pesquisa e extensão universitária. Além disso, a Biblioteca dispõe de um acervo histórico e humanista com uma variedade de tipologias documentais que atende pesquisadores do Brasil e do exterior a procura de informações sobre a história do Direito, do ensino universitário, além de informações sobre personalidades jurídicas, políticas, culturais e históricas."
44267,Biblioteca do ITAL,Bib-Ital,Instituto de Tecnologia de Alimentos,Ital,Campinas,SP,False,"Especializada nas áreas de Tecnologia de Alimentos e Embalagem, sendo referência no suporte às atividades de pesquisa e desenvolvimento da instituição. Atende pesquisadores, alunos e docentes dos cursos de pós-graduação, estagiários, além de outras instituições de pesquisa, escolas, universidades, órgãos governamentais, empresas privadas e usuários do setor agroindustrial."
42018,Biblioteca João Paulo II,Biblioteca - Palmas,"Instituto Federal de Educação, Ciência e Tecnologia do Tocantins",IFTO,Palmas,TO,False,"A Biblioteca João Paulo II, do Instituto Federal de Educação, Ciência e Tecnologia do Tocantins (IFTO) – Campus Palmas, constitui-se como infraestrutura estratégica de apoio às atividades de ensino, pesquisa, extensão, cultura e inovação, atendendo aproximadamente 4 mil usuários entre estudantes, servidores e comunidade externa. Seu acervo é composto por cerca de 40 mil exemplares, incluindo obras científicas, técnicas, literárias, produções institucionais e um conjunto expressivo de aproximadam"
21324,Biblioteca Octavio Ianni,BOI - IFCH UNICAMP,Universidade Estadual de Campinas,UNICAMP,Campinas,SP,True,"A Biblioteca Octavio Ianni está integrada ao Sistema de Bibliotecas da Unicamp (SBU), e destaca-se como uma das principais bibliotecas de Filosofia e Ciências Humanas do Brasil e da AméricaLatina, com mais de 200 mil itens físicos em seu acervo. Abriga, ainda, Bases de Dados e coleções digitais e oferece treinamento técnico aos usuários, possibilitando amplo uso de suas diversas fontes de informação e pesquisa"
41792,BIBLIOTECA RÔMULO ALMEIDA,BRA,SUPERINTENDENCIA DE ESTUDOS ECONOMICOS E SOCIAIS DA BAHIA,SEI,Salvador,BA,False,"A BRA possui um dos maiores acervos nacionais especializados em planejamento e desenvolvimento, com ênfase na Bahia, os quais contemplam conhecimentos associados às ciências sociais aplicadas e às ciências humanas, principalmente. Contém, pois, títulos afeitos aos campos da história política, econômica e administrativa do Brasil, da administração pública e das políticas públicas, bem como temas correlatos à cultura, educação, demografia e meio ambiente."
32121,Biblioteca Universitária,BU,Fundação Educacional da Região de Joinville,FURJ,Joinville,SC,False,"A BU oferece um acervo físico de aproximadamente 91 mil livros e outros materiais bibliográficos, 150 mil volumes e 2 mil periódicos, 67.000 exemplares para consulta e empréstimo. Além disso, disponibiliza um acervo virtual na plataforma Minha Biblioteca com mais de 12.000 títulos das principais editoras do país e acesso às bases de dados. A instituição proporciona apoio didático, científico e pedagógico, atendendo tanto a comunidade acadêmica quanto à externa."
41347,Biblioteca Universitária Professor Martinho Cardoso da Veiga,BU FURB,Fundação Universidade Regional de Blumenau,FURB,Blumenau,SC,False,"A Biblioteca Universitária Professor Martinho Cardoso da Veiga da FURB é uma das maiores de Santa Catarina, com quase 8.000 m² e acervo diversificado, incluindo livros, materiais audiovisuais, obras raras e acesso a bases científicas. Formada pela Biblioteca Central (Campus 1) e Setorial (Campus 2), com ambientes climatizados, espaços de estudo, área multimídia e acessibilidade."
38108,Bibliotheca Gonçalo Moniz - Memória da Saúde Brasileira,BGM,Universidade Federal da Bahia,UFBA,Salvador,BA,False,"A Bibliotheca Gonçalo Moniz (BGM), da Faculdade de Medicina da Bahia da Universidade Federal da Bahia (FMB/UFBA), tem por missão guardar, preservar e difundir obras históricas importantes para a memória da saúde na Bahia e no Brasil. Criada em 1832, possui aproximadamente, 100 mil volumes entre teses, livros, folhetos e periódicos das áreas de ciências da saúde, ciências naturais e história publicados desde 1557."
25131,BINGO/UFCG,BINGO/UFCG,Universidade Federal de Campina Grande,UFCG,Aguiar,PB,False,"O laboratório BINGO/UFCG, parte do projeto internacional BINGO (UFCG, USP, INPE, Jiao Tong University, Yangzhou University e diversas outras), está construindo um radiotelescópio para mapear a emissão de hidrogênio neutro no sertão da Paraíba. Na UFCG, o laboratório tem se dedicado a desenvolver os receptores, análises de dados pesquisas em Comologia. O sítio do BINGO está localizado em Aguiar-PB, tendo já um centro de comando e outras instalações. https://bingotelescope.org/"
46814,Bio,Bioinovar,Universidade Federal do Rio de Janeiro,UFRJ,Rio de Janeiro,RJ,False,O laboratorio Bioinovar desenvolve Estudos e pesquisa em Catálise Enzimática microbiana e Bioprodutos Microbianos voltados para o setor industrial em geral incluindo o de Bioenergia e cosméeticos . O laborotório desenvolve projetos de inovação com empresas como a shell e Petrobras
1580,Bioativos,LABBIO/UNIRIO/PPGAN,Universidade Federal do Estado do Rio de Janeiro,UNIRIO,Rio de Janeiro,RJ,False,"O laboratório de bioativos é um laboratório multifuncional, atuando nas atividades de ensino, pesquisa e extensão. É um dos laboratórios do programa de pós-graduação em alimentos e nutrição (PPGAN) e é coordenado pela Profa. Dra. Édira Castello Branco de Andrade Gonçalves. Informações adicionais das atividades do LABBIO/UNIRIO/PPGAN -  http://www.youtube.com/c/LabBioPPGANUNIRIO;  http://www.unirio.br/nutricaoesaude  "
25871,Biobanco da Biodiversidade e Saúde da Fiocruz,BBS-Fiocruz,Fundação Oswaldo Cruz,FIOCRUZ,Rio de Janeiro,RJ,False,"O Biobanco da Biodiversidade e Saúde da Fiocruz (BBS-Fiocruz) é uma importante plataforma de serviços para a pesquisa, o desenvolvimento tecnológico e a inovação na área da saúde. Seu objetivo é o armazenamento seguro, confiável, ético, legal e rastreável de material biológico humano e da biodiversidade."
25687,Biobanco da Fiocruz Amazônia,BFA,Fundação Oswaldo Cruz,FIOCRUZ,Manaus,AM,False,"Biobanco da biodiversidade em saúde da Amazônia que contará com amostras humanas diversas para a investigação de patógenos emergentes, re-emergentes e negligenciados; assim como outros agravos em saúde, com ênfase na vigilância e preparação para novas emergências sanitárias."
25845,Biobanco da Fiocruz Ceará,BFCE,Fundação Oswaldo Cruz ,Fiocruz CE,Eusébio,CE,False,"Sistemas de recebimento, processamento e armazenamento de amostras biológicas de interesse em saúde e ambiente como parte da Rede Fiocruz de Biobancos."
23729,Biobanco de Bio-manguinhos,B-070,Fundação Oswaldo Cruz,FIOCRUZ,Rio de Janeiro,RJ,False,"O Biobanco de Bio-manguinhos foi criado com o objetivo de prover à comunidade científica o acesso a materiais biológicos humanos de qualidade oriundos de pesquisas clínicas conduzidas por Bio-manguinhos/Fiocruz, bem como de seus dados associados, para atender às necessidades atuais e principalmente futuras da pesquisa no Brasil."
24001,"Biobanco de células iPS - Instituto Carlos Chagas, Fiocruz Paraná  (ICC/Fiocruz)",BiPS-ICC,Fundação Oswaldo Cruz,FIOCRUZ,Curitiba,PR,False,"O Biobanco de células iPS (células reprogramadas) foi criado atendendo a uma demanda do Ministério da Saúde por iPS de doenças relevantes com qualidade controlada para uso geral por pesquisadores brasileiros. Trata-se de um banco de células sem fins lucrativos que reúne células pluripotentes oriundas de pacientes acometidos por uma gama de doenças de importância mundial, assim como indivíduos saudáveis."
30970,BioBanco de Pesquisas em Ciências da Saúde na Universidade Federal do Ceará,BIOBANCO,Universidade Federal do Ceará,UFC,Fortaleza,CE,False,"O objetivo geral deste Subprojeto é o de implantar um Biobanco, composto de coleções de tumores, tecidos humanos normais e macromoléculas, garantindo uma infraestrutura para coleta, estocagem e disponibilização fácil e ágil do material e das informações armazenadas, de acordo com as normas vigentes do Conselho Nacional de Saúde (CNS). A estrutura proposta deverá fornecer suporte a diversas linhas de pesquisa em andamento nesta Instituição."
42641,BIOBANCO DE TUMORES E TECIDOS DO INSTITUTO ALFA DE GASTROENTEROLOGIA DO HC-UFMG,BTT-IAG-HCUFMG,HOSPITAL DAS CLINICAS DA UFMG - EMPRESA BRASILEIRA DE SERVICOS HOSPITALARES - EBSERH,HC-UFMG/EBSERH,Belo Horizonte,MG,False,"O Biobanco de Tumores e Tecidos do HC-UFMG é uma infraestrutura estratégica para pesquisa, dedicada à coleta, processamento e armazenamento de amostras biológicas humanas. Atua conforme normas éticas e legais, garantindo qualidade, rastreabilidade e segurança. Apoia estudos que promovem avanços no diagnóstico, prognóstico e tratamento do câncer, viabilizando a pesquisa em biologia molecular e genética. Atualmente, o BTT possui mais de 5mil amostras de tecidos biológicos armazenadas a -80°C."
22879,Biobanco do Instituto Aggeu Magalhães,BIAM,Fundação Oswaldo Cruz,FIOCRUZ,Recife,PE,False,"O Biobanco do Instituto Aggeu Magalhães (BIAM), Fiocruz PE vem a integrar a Rede Fiocruz de Biobancos (RFBB). A RFBB, vinculada à Vice-Presidência de Pesquisa e Coleções Biológicas da Fiocruz, foi instituída em 2015, para estabelecer e manter biobancos estruturados em rede, a fim de prover à comunidade científica material biológico humano de alta qualidade. O BIAM visa armazenar amostras provenientes da assistência e da pesquisa, e contribuir com a democratização e sustentabilidade científica."
27165,Biobanco do Instituto Fernandes Figueira,BIFF,Fundação Oswaldo Cruz,FIOCRUZ,Rio de Janeiro,RJ,False,"O setor, ligado ás vices diretorias do Instituto Fernandes figueira se destina a  organizar o armazenamento e a utilização de material biológico humano com finalidade de pesquisas futuras, no contexto do atual marco regulatório emanado da Resolução CNS nº 441/11 e da Portaria MS nº 2.201/2011."
23746,BIOBANCO DO INSTITUTO GONÇALO MONIZ,BIO-IGM,Fundação Oswaldo Cruz,FIOCRUZ,Salvador,BA,False,"O Biobanco do Instituto Gonçalo Moniz – Bio-IGM tem como principal objetivo o armazenamento e utilização de material biológico humano para pesquisas biomédicas. Seu propósito é garantir a qualidade das amostras depositadas e a integridade das informações associadas a elas, a fim de promover um melhor entendimento e manejo das principais doenças presentes no Brasil, tais como a COVID-19, doenças infecciosas e parasitárias, crônicas, degenerativas e neoplasias, no IGM e em outras instituições."
25477,Biobanco do Instituto Oswaldo Cruz / Fiocruz,BIOC,Fundação Oswaldo Cruz,FIOCRUZ,Rio de Janeiro,RJ,False,"O Biobanco do IOC/Fiocruz (BIOC), abrange o armazenamento e fornecimento de amostras de sangue e seus derivados, provenientes de pacientes acometidos com hanseníase, hepatite viral e SARS-COV-2, além de ácidos nucleicos e materiais oriundos de coletas de swab/aspirado de nasofaringe e orofaringe para detecção viral (meio de transporte viral, material sobrenadante e/ou ácidos nucleicos purificados, para fins de Pesquisa."
26212,Biobanco do Instituto Rene Rachou,BIRR/FIOCRUZ,Fundação Oswaldo Cruz,FIOCRUZ,Belo Horizonte,MG,False,"O BIRR/Fiocruz armazenará materiais biológicos humanos relacionados às doenças de leishmaniose tegumentar, chagas e esquistossomose. Serão disponibilizadas as informações associadas, para fins de pesquisa sendo elas alinhadas com a missão da Fiocruz e com a máxima qualidade possível. Todos os materiais biológicos humanos serão recebidos e cedidos sempre em caráter voluntário e gratuito, não sendo permitida qualquer espécie de remuneração e/ou comercialização."
8901,BioBanco- Rede Acadêmica de Pesquisa sobre o Câncer,BIOB-01,Hospital das Clínicas da Faculdade de Medicina da Universidade de São Paulo,HCFMUSP,São Paulo,SP,False,"O Biobanco visa a coleção, processamento, armazenamento de amostras biológicas de casos com câncer, controles e suas informações segundo as normas éticas. O processamento das amostras segue um controle de qualidade de padrão internacional. Faz parte do Centro de Investigação Translacional em Oncologia, uma das sedes do Comprehensive Center for Precision Oncology (C2PO), constituindo o núcleo pré-analítico do Centro de Proteômica e Metabolômica do Câncer da USP."
22577,Biobanco UNIFESP,Biobanco UNIFESP,Universidade Federal de São Paulo,UNIFESP,São Paulo,SP,True,"O Biobanco UNIFESP tem como finalidade armazenar materiais biológicos humanos para fins de pesquisa futura, em freezers -80 ºC. O armazenamento se faz por cessão de amostras de indivíduos, doentes ou não, que assinem termo de consentimento livre e esclarecido (TCLE) próprio do Biobanco. Acoplado há um laboratório de biologia molecular para extração de DNA e RNA, bem como de manipulação de amostras líquidas. Rua Pedro de Toledo 781, sala 1, primeiro andar. (11) 3385-4343 Voip 3099."
30861,Biobanco USCS,Biobanco USCS,Universidade Municipal de São Caetano do Sul,USCS,São Caetano do Sul,SP,False,"O Biobanco USCS é gerido por uma equipe de especialistas, incluindo mestres e doutores, oferecendo suporte integral para pesquisas científicas. Garantimos a qualidade e integridade das amostras armazenadas.
Realizamos o processamento e armazenamento de amostras biológicas seguindo rigorosamente as diretrizes nacionais e as Boas Práticas de Laboratório, assegurando a confiabilidade dos dados para estudos clínicos e translacionais."
12030,BioBD,BioBD,Pontifícia Universidade Católica do Rio de Janeiro,PUC-RIO,Rio de Janeiro,RJ,False,"O Laboratório de BioInformática e Bancos de Dados (BioBD) foca em engenharia de dados aplicada a biologia computacional e outras aplicações. Por um lado, nosso objetivo é investigar tópicos atuais em pesquisa de gerenciamento de banco de dados, particularmente sintonia fina automática, representação de dados e novos modelos de dados. Nossos principais tópicos de pesquisa são relacionados à BioInformática e outras aplicações interdisciplinares."
9319,BIODESIGN LAB,BIODESIGN,Pontifícia Universidade Católica do Rio de Janeiro,PUC-RIO,Rio de Janeiro,RJ,False,"O Laboratório Biodesign, vinculado ao DAD, desenvolve atividades de ensino e pesquisa que têm despertado interesse acadêmico e profissional. Os projetos envolvem cada vez mais alunos e professores, unindo, por exemplo, o Design às áreas do CCS, como biologia e medicina, em trabalhos multidisciplinares, interdepartamentais e até mesmo interinstitucionais. Importante registrar a relevância das publicações cientificas nacionais e internacionais desenvolvidas pelos pesquisadores do laboratório."
33871,Biodinâmica do Movimento Humano,LABIMOH,Universidade Estadual do Norte do Paraná,UENP,Jacarezinho,PR,False,Laboratório destinado à avaliação física de pessoas de diferentes faixas etárias e condições de saúde.
13313,"Bioenergia, Biocombustíveis, Clima e Efluentes",BBCE,Universidade Estadual Paulista Júlio de Mesquita Filho,UNESP,Sorocaba,SP,False,"Trabalhamos com estas linhas de pesquisa, porém em termos de equipamentos, possuimos um TGA-DSC Q600 simultânio"
10266,Bioensaios,Fiocruz-RPT11M,Fundação Oswaldo Cruz,FIOCRUZ,Rio de Janeiro,RJ,True,"A plataforma presta serviços para análise de atividade antitumoral e ensaios complementares de mecanismo de ação e farmacodinâmica ""in vitro"". Assessoria para o PD&I de fármacos e isolamento de bioativos guiado por bioatividade. Analises de citotoxicidade em painel de linhagens de tumores líquidos e sólidos além de ensaios de monitoramento de apoptose (Annexina V) e ativação de caspase 3/7 por citometria de fluxo. Integrante do Centro de Pesquisa Avançada em Bioengenharia Aplicada à Saúde."
10267,Bioensaios,Fiocruz-RPT11J,Fundação Oswaldo Cruz,FIOCRUZ,Curitiba,PR,True,"Localizada no Instituto Carlos Chagas - FIOCRUZ-PR, a plataforma possui equipe qualificada, atuando na RPT desde 2018.  A plataforma realiza bioensaios de citotoxicidade para determinação de IC50 e DL50. È disponibilizado o seguinte equipamento multiusuário: Leitor de Elisa Synergy H1M2F (Biotek). Adicionalmente, outros equipamentos de médio e pequeno porte também são utilizados, como cabines de segurança biológica, micropipetas, balanças, estufas, etc."
10529,Bioensaios,Fiocruz-RPT11G,Fundação Oswaldo Cruz,FIOCRUZ,Porto Velho,RO,True,"Localizada no Instituto Oswaldo Cruz-RO, a plataforma presta serviço para análise antiparasitária e de citotoxicidade de compostos bioativos. Os resultados são expressos por valores de IC50 e CC50.  Para a realização da triagem de compostos são utilizados equipamentos de médio e pequeno porte como banho-maria ultrassônico, balança, centrífugas de tubos e placas, cabines de segurança biológica, microscópio óptico, microscópio invertido, estufas e etc."
10530,Bioensaios,Fiocruz-RPT11H,Fundação Oswaldo Cruz,FIOCRUZ,Manaus,AM,True,"Localizada em Manaus-AM, a plataforma possui uma equipe qualificada  atuando com triagem de substâncias de diversas origens contra bactérias gram-positivas e Gram-negativas de interesse clínico, além de realizar triagem de substâncias frente as cepas de Plasmodium falciparum e verificar a citotoxicidade dessas substâncias contra diversas linhagens celulares. A plataforma possui um leitor de microplacas de última geração que detecta luminescência, fluorescência e absorbância."
9178,Bioensaios,Fiocruz-RPT11B,Fundação Oswaldo Cruz,FIOCRUZ,Rio de Janeiro,RJ,False,"Localizada no Rio de Janeiro - Fiocruz a plataforma possui o sistema BD BACTEC MGIT 960 para detecção rápida de micobactérias através de software para monitoramento constante do crescimento com tecnologia fluorescente e não radiométrica. Possui capacidade para 960 tubos. Possui também Leitor de placas com software para leituras e fotos, Vizion."
11122,Bioensaios,Fiocruz-RPT11F,Fundação Oswaldo Cruz,FIOCRUZ,Belo Horizonte,MG,True,"Localizada  em Belo Horizonte - Fiocruz/Minas, a plataforma está equipada para a realização de ensaios in vitro e in vivo de triagem de drogas com atividade sobre o T. cruzi.."
45446,Bioensaios 1,UR B1,CENTRO DE DESENVOLVIMENTO DA TECNOLOGIA NUCLEAR,CDTN,Belo Horizonte,MG,False,"Laboratório dedicado à manipulação e experimentação animal, adequado para procedimentos de eutanásia e coletas de amostras biológicas."
842,Bioensaios e Triagem de Fármacos,Fiocruz-RPT11I,Fundação Oswaldo Cruz,FIOCRUZ,Rio de Janeiro,RJ,False,"Localizada no IOC/Fiocruz-RJ. A plataforma conta com equipamentos de alto desempenho e possibilita a realização de ensaios de forma automatizada em um grande número de amostras. Tem potencial para apoiar os projetos de desenvolvimento de vacinas, medicamentos, bioinseticidas e insumos para diagnóstico. Além disso, conta com recursos humanos com excelente capacitação técnica para operá-los e atender usuários institucionais e externos."
39861,BIOFÁBRICA,Biofábrica,Universidade Federal de Roraima,UFRR,Boa Vista,RR,False,"A biofábrica é uma instalação dedicada à produção de insumos biológicos através de processos de biotecnologia. Utiliza técnicas para cultivar microrganismos, células vegetais e outros organismos vivos, promovendo práticas agrícolas sustentáveis, como o controle biológico de pragas e doenças, e a fixação biológica de nitrogênio. Além disso, a biofábrica desempenham um papel crucial na conservação da biodiversidade e na produção de sementes e mudas de plantas nativas e cultivadas."
26479,Biofábrica da UNISC,Biofàbrica,Associação Pró-Ensino em Santa Cruz do Sul ,APESC,Santa Cruz do Sul,RS,False,"A Biofábica da UNISC está localizada no bloco 60 da UNISC, formado por 10 salas (total aprox. 200m²), utilizado para o desenvolvimento de projeto de pesquisa e desenvolvimento tecnológico na área de controle biológico e nutrição animal. A estrutura conta com áreas laboratoriais, assim como espaços climatizados para criação de insetos."
22013,Biofábrica de Mudas Vegetal,Bioveg,Sergipe Parque Tecnológico,SergipeTec,São Cristóvão,SE,False,"O laboratório biofábrica de mudas vegetais compreende duas unidades distintas: uma dedicada a pesquisas e atividades relacionadas à cultura de tecidos vegetais, e outra especializada na micropropagação de plantas, abrangendo tanto a reprodução assexuada quanto sexuada de espécies florestais e agrícolas."
46056,Biofábricas e Ambientes Protegidos,Biofabricas,"Instituto Federal de Educação, Ciência e Tecnologia do Tocantins",IFTO,Palmas,TO,False,Biofábricas e Ambientes Protegidos
2372,Biofísica Molecular,FCI/Bio,Universidade de São Paulo,USP,São Carlos,SP,False,"Desenvolve  projetos na área de biofísica voltados à biologia estrutural de proteínas e estudos interdisciplinares envolvendo biologia molecular, microbiologia e bioinformática. É focado no estudo de interações proteína-proteína e proteína-lipídeos, principalmente proteínas citoesqueléticas, na caracterização da diversidade microbiana e de enzimas termofílicas, na sinalização bacteriana mediada por dinucleotídeo cíclico e no estudo da evolução de genomas."
25139,Biogeoquímica,LB,EMBRAPA FLORESTAS,CNPF,Colombo,PR,False,"O Laboratório atende as demandas de análises diversas de projetos internos e também de projetos com parceiros em todo o Brasil. No laboratório é possível realizar análises de solo (macronutrientes e indicadores de acidez, físico-hídricas), análise de tecido vegetal (macro e micro nutrientes); análises biológicas (biomassa, respiração, enzimas, potencial de solubilização de P, diversidade; produção de bioinsumos) e análises ambientais (nitrato; amônio; carbono orgânico e concentração de GEE)."
18458,BIOINFORMÁTICA,FIOCRUZ-IAM-BIOINFO,Fundação Oswaldo Cruz,FIOCRUZ,Recife,PE,False,"O Laboratório de Bioinformática do Instituto Aggeu Magalhães é responsável pela aquisição, armazenamento, análise e difusão de dados biológicos, majoritariamente montagem de genomas, predição gênica, anotação de genomas, análises de transcriptômica, docking e dinâmica molecular, estatística e inteligência artificial."
782,Bioinformatics and Machine Learning Group,BioMal,Universidade Federal de São Carlos,UFSCAR,São Carlos,SP,False,"The Bioinformatics and Machine Learning Group was founded in 2015, in the Department of Computer Science, Federal University of São Carlos, São Carlos, Brazil. Our research focus is the development and application of Machine Learning methods mainly to solve Biology-related problems. Our research aims at proposing machine learning methods to meet the growing demand on predictive and descriptive tasks in bioinformatics, specially those complex ones involving multiple and structured outputs."
38374,Biologia e Imunologa de doenças infecciosas e parasitárias,BIP,Instituto René Rachou,IRR,Belo Horizonte,MG,False,"O grupo  segue um enfoque de integração entre ciência básica e translacional, para compreender a biologia de patógenos e os mecanismos imunológicos desencadeados em resposta à infecções em busca de ferramentas e estratégias que possam contribuir para o controle e erradicação das doenças causadas pelos mesmos. Nossa missão é gerar conhecimento científico básico e aplicado e propor ações e produtos que irão auxiliar o Ministério da Saúde e o SUS nas ações de controle e eliminação de doenças."
8635,Biologia e Medicina de Animais Domésticos e Selvagens da Amazônia,BIOMEDAM,Universidade Federal do Pará,UFPA,Castanhal,PA,False,"Laboratório que agrega infra-estrutura voltada para apoio ao ensino, pesquisa e extensão na área da biologia reprodutiva de espécies animais domésticas e silvestres da Amazônia."
11292,Biologia Estrutural Integrada,Fiocruz-RPT15A,Fundação Oswaldo Cruz,FIOCRUZ,Curitiba,PR,True,"Localizada no Paraná - ICC/Fiocruz, a plataforma tem por objetivo fornecer infraestrutura e treinamento em todas as etapas que compõem o processo de resolução e análise estrutural de proteínas, desde sua produção recombinante, caracterização biofísica em solução, cristalização até a determinação de estruturas tridimensionais."
38547,Biologia Integrativa - Laboratório de Melhoramento Genético Vegetal,Bioint/LMGV,Universidade Estadual do Norte Fluminense Darcy Ribeiro,UENF,Campos dos Goytacazes,RJ,False,"O Laboratório de Melhoramento Genético Vegetal da UENF desenvolve projetos de pesquisa voltados à fenotipagem de linhagens vegetais sob condições de estresses abióticos, como déficit hídrico, variação de temperatura e eficiência no uso de nitrogênio e fósforo. Está equipado com aparelhos de fenotipagem de última geração, incluindo IRGA, FluorPen e Dualex, que possibilitam a avaliação precisa de parâmetros fisiológicos e bioquímicos relacionados à adaptação e tolerância das plantas."
38735,Biologia Molecular,BioMol,Universidade Federal do Sul da Bahia,UFSB,Porto Seguro,BA,False,"Um laboratório de biologia molecular é um ambiente projetado para o estudo e a manipulação de biomoléculas, principalmente o DNA e o RNA, com o objetivo de compreender sua estrutura, função e interações. É um espaço altamente controlado, organizado e equipado para realizar técnicas sensíveis que exigem precisão e a ausência de contaminantes."
145,Biologia Molecular,Glicobiologia,Universidade Federal de São Paulo,UNIFESP,São Paulo,SP,False,"Pesquisa em Glicobiologia, técnicas de purificação e biologia molecular."
33897,BIOLOGIA MOLECULAR,FRV-BM,Fundação de Pesquisa e Desenvolvimento Tecnológico Rio Verde,FRV,Lucas do Rio Verde,MT,False,"ANALISE MOLECULARES PARA IDENFICAÇÃO DE ESPECIES DE PATOGENOS, INSETOS, PLANTAS DANINHA E MICROOORGANISMOS AGRICOLAS E AFINS"
4589,Biomateriais e Microbiologia Oral,BioMicro,Universidade de Brasília,UNB,Brasilia,DF,True,"Laboratório destinado a pesquisa em Biomateriais, Microbiologia Oral e Microbiologia Molecular, bem como apoio a atividades de ensino para graduação em Odontologia."
32406,Biomateriais Metálicos e Caracterização Avançada de Materiais,BioMet-CAM - UFSCAR,Universidade Federal de São Carlos,UFSCAR,Sao Carlos,SP,False,"um novo laboratório e linha de pesquisa em Biomateriais Metálicos, Ligas Beta de Titânio, Ligas de Mg bioabosorvíveis, manufatura aditiva a laser de ligas de Ti, modificações superficiais do Ti por anodização e micro-arc oxidation (MAO) e Caracterização Avançada de ligas metálicas (aços microligados ao Nb, aços inoxidáveis e duplex/superduplex, ligas de Ti, Al, Fe, Mg, Cu e interfaces hídridas e dissimilares) por microscopia eletrônica (MEV e TEM) e técnicas acessórias (EDS, SAD, HRTEM, STEM, FI"
22326,Biomaterials & Biointerfaces Lab,BBLab/ITA,Instituto Tecnológico de Aeronáutica,ITA,São José dos Campos,SP,False,"Desenvolver pesquisas científicas de grande relevância científica combinando os princípios da química, da biologia, da engenharia e da medicina, contribuindo para as áreas de medicina regenerativa, engenharia de tecidos e tratamentos terapêuticos, visando melhorar o bem-estar e a qualidade de vida das pessoas. Dedicação, inovação e colaboração para criar um futuro melhor!"
31544,Biomedical Image Processing Laboratory,BIP-Lab,Universidade Federal de São Carlos,UFSCAR,São Carlos,SP,False,"Fundado em 2011 pelo professor Ricardo J. Ferrari, Ph.D., com o objetivo de desenvolver soluções práticas para problemas significativos na área biomédica, o BIP-Lab concentra-se em Processamento de Imagens e Vídeos, Visão Computacional e Técnicas de Aprendizado de Máquina (incluindo aplicações de tecnologia de Inteligência Artificial (IA), como Redes Neurais Convolucionais (CNNs) e Autoencoders) para avaliação e interpretação automática de imagens biomédicas."
24230,BioNano&Metals,BioNano&Metals,Universidade Federal do ABC,UFABC,Santo André,SP,False,Laboratório de pesquisa focado na área de Química e nanotecnologia
8129,Bioprocessos,BPC,Centro Nacional de Pesquisa em Energia e Materiais,CNPEM,Campinas,SP,False,"A instalação de Bioprocessos permite utilizar técnicas de cultivo em escala laboratorial que possibilitam a caracterização de microrganismos (fungos, bactérias e leveduras), hidrólise enzimática e fermentação alcoólica visando a transformação em bioquímicos, enzimas, bioprodutos e biomateriais."
11120,Bioprospecção,Fiocruz-RPT10A,Fundação Oswaldo Cruz,FIOCRUZ,Belo Horizonte,MG,False,"Localizada em Belo Horizonte - Fiocruz/Minas a plataforma realiza os serviços de preparo e depósito de extratos, a partir dos quais serão preparadas ou plaqueadas amostras para triagem, confirmação de atividade e determinação de IC50 nos ensaios biológicos in vitro e in vivo disponibilizados através de colaborações firmadas com grupos de pesquisa parceiros."
10832,Bioprospecção Molecular e Bioensaios aplicados ao metabolismo e câncer,Bioprospec,Universidade Federal da Grande Dourados,UFGD,Dourados,MS,False,"O espaço para pesquisa em Bioprospecção Molecular e Bioensaios aplicados ao metabolismo e câncer conta com aproximadamente 600 m2 destinados a estudos moleculares, celulares, bioquímicos e farmacológicos focados na prospecção de compostos naturais e sintéticos aplicados ao controle do metabolismo e câncer, bem como o desenvolvimento de produtos. Conta, inclusive, como um espaço dedicado a estudos in vivo utilizando o modelo Caehnorhabditis elegans."
2015,Bioprospecção Toxinológica e Interação Molecular,Fiocruz-RPT10B,Fundação Oswaldo Cruz,FIOCRUZ,Porto Velho,RO,False,"Localizada na Amazônia Ocidental, a Fiocruz Rondônia conta com a plataforma de Bioprospecção Toxinológica e Interação Molecular (Fiocruz-RPT-10B) com cromatógrafos de alto desempenho, sistemas de eletroforese mono e bi-dimensional, espectrofotometria de UV, ressonância plasmônica de superfície para o desenvolvimento da bioprospecção de compostos ativos potencialmente aplicados à Saúde, Ações de extensão e educativas são realizadas na região com foco na divulgação e popularização científica."
46306,Bioquímica e Fisiologia das Plantas,LaBiFip,Universidade Federal do Cariri,UFCA,Crato,CE,False,"Desenvolve pesquisas em bioquímica e fisiologia vegetal. Realiza análises básicas para a determinação de açúcares, lipídeos e proteínas e de processos fisiológicos, tais como, transpiração e absorção de nutrientes"
45022,Bioquímica Funcional,BIFUN,Universidade Federal do Rio Grande,FURG,Rio Grande,RS,False,"Laboratório do Instituto de Ciências Biológicas (ICB) da FURG, Nele são efetuadas atividades de ensino e pesquisa em temas como ecotoxicologia, nanotoxicologia, extração de compostos bioativos, processos de liberação controlada de bioativos. Diversos modelos animais são utilizados, desde peixes até o verme Caenorhabditis elegans"
27749,Biorrefinaria Experimental de Resíduos Sólidos Orgânicos,Berso,CENTRO DE TECNOLOGIA E GEOCIÊNCIAS DA UFPE,CTG/UFPE,Recife,PE,False,"A Berso é um Laboratório Associado ao OndaCBC localizado na UFPE. O local recebe resíduos orgânicos gerados pela UFPE e os trata através de biodigestão e compostagem. Em paralelo, é realizado o desenvolvimento de pesquisas científicas, além da manutenção de uma horta experimental que recebe o composto orgânico produzido no próprio pátio."
8492,"Biorrepositório para Pesquisas em Psiquiatria, Neurologia e Neurodesenvolvimento",BIOB-04 BPNN,Hospital das Clínicas da Faculdade de Medicina da Universidade de São Paulo,HCFMUSP,São Paulo,SP,False,"Visa auxiliar os pesquisadores no gerenciamento das amostras biológicas de seus projetos de pesquisa, previamente aprovados pela Comissão de Ética em Pesquisa. O serviço prestado inclui as etapas de recepção, cadastro, processamento e/ou armazenamento de amostras biológicas como sangue periférico, sangue de cordão umbilical, saliva, cabelo e tecidos bem como de seus subprodutos (plasma, soro, DNA, RNA e proteínas)."
30738,"Biossegurança, Restauração, Tratamento, Digitalização, Conservação e Popularização de Documentos Históricos do Estado do Piauí,",MNEMOSINE,Universidade Federal do Piauí,UFPI,Teresina,PI,True,"Laboratório de pesquisa no campo da História, para restauração, tratamento, digitalização, conservação e popularização dos documentos históricos sobre o Estado do Piauí, privilegiando fontes eclesiásticas, militares, jornais, revistas, almanaques, livros de memórias, fotografias, teses médicas, História da saúde e das doenças, envolvendo o período colonial ao republicano, visando contribuir na formação de pesquisadores em nível de graduação, mestrado e doutorado, educação básica e superior."
7788,Biotecnologia Animal,Biotecanimal,Universidade Federal do Oeste do Pará,UFOPA,Santarém,PA,False,"Controle de banco de sêmen de bovinos e bubalinos, estudos em fisiologia reprodutiva de bovinos, bubalinos e equinos, pesquisa em Inseminação artificial em tempo fixo e transferência de embriões.."
13645,Biotecnologia Aplicada a Alimentos,IFC,Instituto Federal Catarinense,IF-CATARINENSE,Concórdia,SC,False,"O laboratório de Biotecnologia Aplicada a Alimentos atende atividades de Ensino, Pesquisa e Extensão dos curso de Engenharia de Alimentos e Técnico em Alimentos do IFC Campus Concórdia."
22371,Biotecnologia Vegetal,Lab. Bio. Vegetal,Universidade de Passo Fundo,UPF,Passo Fundo,RS,False,"O Laboratório realiza pesquisa acadêmica de graduação, e pós graduação (mestrado e doutorado) na área de biotecnologia vegetal."
19434,Biotério,BIOT-CIEnP,Centro de Inovação e Ensaios Pré-Clínicos,CIEnP,Florianópolis,SC,False,"Realiza os processos relacionados à infraestrutura de produção, manutenção, controle de qualidade e bem-estar de ratos e camundongos de experimentação no CIEnP.  Atua no padrão sanitário specific-pathogen-free (SPF)."
2648,Biotério,BIOT,Fundação Universidade Federal de Ciências da Saúde de Porto Alegre,UFCSPA,Porto Alegre,RS,False,"O biotério da UFCSPA é definido como um biotério integral, no qual são desempenhadas atividades de produção, manutenção e experimentação de modelos biológicos, incluindo murinos e peixes."
14153,Biotério,CENTRO DE BIOTERISMO,Universidade Comunitária da Região de Chapecó - mantida pela Fundação Universitária do Desenvolvimento do Oeste,Unochapecó,Chapeco,SC,False,"Responsável pela criação, manutenção e experimentação de animais de laboratório, sendo os principais, roedores e peixes. Está legalizado através do Cadastro de Instituições de Uso Científico de Animais-CIUCA, credenciado no CONCEA e cadastro no CRMV/SC. Recentemente obteve certificação junto a CTNBio. Todos os procedimentos realizados seguem as normativas adotadas pela instituição quanto a normas de biossegurança, procedimentos operacionais padrão-POP e legislações vigentes."
10898,Biotério 2 Faculdade de Odontologia de Araraquara,BIO2FOAr,Universidade Estadual Paulista Júlio de Mesquita Filho,UNESP,Araraquara,SP,False,O Biotério 2 está alocado na Faculdade de Odontologia de Araraquara (UNESP) e destina-se a manutenção de animais (roedores) para pesquisa científica.
39786,Biotério Central,Biotério,Universidade Federal de Mato Grosso,UFMT,Cuiabá,MT,False,"O Biotério Central da UFMT foi criado em 2007 para atender demandas relacionadas às aulas práticas e atividades nas áreas de pesquisa técnico-científica, de ensino e de extensão. Possui como finalidade criar e manter animais de laboratório com qualidade sanitária adequada para uso nas atividades de Ensino e Pesquisa desenvolvidas na UFMT."
9584,Biotério Central,BC - UNIVALI,Fundação Universidade do Vale do Itajaí,UNIVALI,Itajaí,SC,False,"O Biotério Central da Fundação Universidade do Vale do Itajaí (UNIVALI), tem como finalidade a criação e manutenção das linhagens de ratos e camundongos: Wistar, SHR, Swiss, Balb/c, C57BL/6 e DBA. O principal objetivo é a centralização da produção destes modelos animais para distribuição aos usuários da UNIVALI."
17663,Biotério Central,BC,Fundação Universidade do Vale do Itajaí,UNIVALI,Itajaí,SC,False,"O Biotério Central da Fundação Universidade do Vale do Itajaí (UNIVALI), tem como finalidade a criação e manutenção das linhagens de ratos e camundongos: Wistar, SHR, Swiss, Balb/c, C57BL/6 e DBA. O principal objetivo é a centralização da produção destes modelos animais para distribuição aos usuários da UNIVALI."
21885,Biotério Central,BIOCEN,Universidade Federal do Amazonas,UFAM,Manaus,AM,False,"É um órgão suplementar e multiusuário, que tem por objetivo a produção de animais de laboratório de alta qualidade sanitária e genética. Os biomodelos são utilizados nas pesquisas e fazem parte da formação de alunos de graduação e pós-graduação."
9912,Biotério Central da UEPB - Prof. Eduardo Barbosa Beserra,BIOTERIO,Universidade Estadual da Paraíba,UEPB,Campina Grande,PB,False,"O biotério da UEPB é a área de produção, manutenção e experimentação de Ratos Wistar e Camundongos Swiss de padrão sanitário SPF (specific pathogen free – livres de patógenos específicos).  A área experimental é certificada para execução de atividades de Nível de Biossegurança I (NB-I), ou seja, aquelas que possuem baixo risco de causar doença ao homem e ao animal."
20844,Biotério Central da UFMG,BC,Universidade Federal de Minas Gerais,UFMG,Belo Horizonte,MG,False,"O Biotério Central (BC) é uma plataforma tecnológica com infraestrutura que conta com equipamentos de ponta, pessoal altamente qualificado e altas barreiras sanitárias para criação de roedores (ratos e camundongos) com padrão sanitário SPF (Specific Pathogen Free). Os roedores fornecidos possuem certificação sanitária. O BC realiza também exames parasitológicos e de monitoramento ambiental."
10326,Biotério Central da UFPE,CEBIO,Universidade Federal de Pernambuco,UFPE,Recife,PE,False,Biotério central de criação de ratos e camundongos padrão SPF.
8144,Biotério Central da Universidade Federal de Santa Maria,BC UFSM,Universidade Federal de Santa Maria,UFSM,Santa Maria,RS,False,"O Biotério Central da Universidade Federal de Santa Maria tem como principal finalidade a centralização da produção, manutenção e experimentação com modelos murinos para pesquisadores da área biomédica da UFSM, bem como, para outras Instituições de ensino e pesquisa. Sua estrutura física está vinculada à Pró-Reitoria de Pós-Graduação, atuando como um órgão auxiliar. Para solicitar animais acesse a página https://www.ufsm.br/pro-reitorias/prpgp/coordenadoria-de-pesquisa-cp/bioteriocentral/"
20522,Biotério Central do CCB,Biotério,Universidade Estadual de Londrina,UEL,Londrina,PR,False,"O Bioterio central do CCB atende às demandas da UEL em termos de produção, manutenção e experimentação animal para projetos de P&D e ensino."
5091,Biotério Central/PROPP/UFMS,BIOTEUFMS,Universidade Federal de Mato Grosso do Sul,UFMS,Campo Grande,MS,False,"O Biotério Central é uma unidade de apoio, vinculada à Pró-reitoria de Pesquisa e Pós-graduação (PROPP) da Universidade Federal de Mato Grosso do Sul. Tem a missão de produzir e oferecer animais de laboratório para os pesquisadores vinculados aos Programas de pós-graduação da Universidade e Instituições parceiras."
12583,Biotério Central - UFLA,BIOTÉRIO,Universidade Federal de Lavras,UFLA,Lavras,MG,False,"O Biotério Central da UFLA é dividido em três alas, roedores, peixes e NB3. O Biotério Central oferece diferentes espécies de animais de laboratório (pequenos roedores e peixes) e local para experimentação animal com diferentes níveis de biossegurança (NB2 e NB3)."
16779,Biotério de Criação e Experimentação Animal - Unimontes,BCEA - Unimontes,Universidade Estadual de Montes Claros,UNIMONTES,Montes Claros,MG,False,"O “Biotério de Criação e Experimentação Animal da Universidade Estadual de Montes Claros – BCEA” é um órgão multiusuário vinculado ao Centro de Ciências Biológicas e da Saúde da Unimontes. O objetivo primordial é contribuir para o desenvolvimento e aprimoramento técnico, científico e tecnológico, envolvendo diferentes áreas das ciências biológicas e da saúde, direcionado à realização de Projetos de Pesquisa e Ensino nos cursos de Graduação e Pós-Graduação da Unimontes e instituições parceiras."
27024,Biotério de Criação e Experimentação de Camundongos Transgênicos,BCCT,Universidade de São Paulo,USP,São Paulo,SP,False,"O Biotério de Camundongos, construído em 1992 com apoio da FINEP, produz animais SPF para pesquisas. Com o tempo, adicionamos várias linhagens transgênicas. Atualmente, temos 64 linhagens. Iniciamos a filosofia da CULTURA DO CUIDADO, melhorando o bem-estar animal e priorizando a qualidade da ciência, moral da equipe e transparência."
28778,Biotério de experimentação do Departamento de Fisiologia e Biofísica,Biotério,Universidade de São Paulo,USP,São Paulo,SP,False,"Este biotério tem por objetivo manter os animais de experimentação relativos aos projetos de pesquisa sob a coordenação dos docentes do Departamento de Fisiologia e Biofísica, ICB/USP e dos orientadores do Programa de Pós-Graduação em Fisiologia Humana. Na imensa maioria são camundongos C57Bl6, mas também há ratos Wistar e SHR."
43461,Biotério de Manutenção de Roedores do ICB/UFG,BioRod - ICB/UFG,Universidade Federal de Goiás,UFG,Goiânia,GO,False,"O BioRod - ICB/UFG é uma infraestrutura essencial de apoio  à pesquisa e à formação de recursos humanos. A unidade oferece condições adequadas para a manutenção de roedores. Sua atuação é estratégica para viabilizar pesquisas nas áreas das ciências biológicas e da saúde, contribuindo para o avanço do conhecimento e para a consolidação da UFG como instituição de referência em pesquisa."
23765,Biotério de manutenção e experimentação animal,CTInfraII-Biotério,Universidade Federal de São João del-Rei,UFSJ,Divinopolis,MG,False,"O biotério de manutenção e experimentação animal do Campus Centro-Oeste da UFSJ foi construído com recursos Finep, tem uma área de 140 m2 e oferece condições adequadas para manutenção de ratos e camundongos a serem utilizados em pesquisas pré-clinicas. Oferece ainda ambientes para realização de experimentos e cirurgias, atendendo diretamente as demandas de 5 programas depós-graduação do campus e também de pesquisadores externos."
2891,Biotério de Produção de Ratos  Rede de Biotérios da USP - Profa. Dra. Zuleica Bruno Fortes,Bio. Prod. Ratos,Universidade de São Paulo,USP,São Paulo,SP,False,"A instalação do Biotério de Produção de Ratos da Rede de Biotérios da USP tem como finalidade a criação e manutenção de ratos das linhagens Wistar, SHR e WKY, de padrão sanitário SPF (specific pathogen free), observando os aspectos éticos da Ciência em Animais de Experimentação e a legislação pertinente. O principal objetivo desta área é a centralização da produção deste modelo animal para distribuição aos usuários da Universidade de São Paulo, assim como usuários de Instituições externas."
33342,Biotério de Roedores - UFDPar,BIOTÉRIO/UFDPar,Universidade Federal do Delta do Parnaíba,UFDPar,Parnaíba,PI,False,"O Biotério de Roedores da UFDPar é dedicado ao manejo de linhagens isogênicas e heterogênicas, atendendo às demandas de pesquisa. As espécies mantidas incluem ratos das linhagens Wistar e SHR (Spontaneous Hypertensive Rats) e camundongos das linhagens Swiss, BALB/c e C57BL/6. O espaço está certificado para atividades classificadas como Nível de Biossegurança I (NB-I), destinadas a manipulações com baixo risco de causar doenças em humanos ou em animais."
40380,biotério de suinocultura,biosui,Instituto Federal do Ceará,IFCE,Crato,CE,False,"O biotério suinocultura de zootecnia é um ambiente controlado que visa a criação e manutenção de suínos para fins de pesquisa e ensino. Ele é projetado para garantir o bem-estar dos animais, padronizar as condições de experimentação e manter linhagens genéticas puras."
8724,Biotério do Instituto de CIências Biológicas,IB-BIOT,Universidade de Brasília,UNB,Brasília,DF,True,O Biotério do Instituto de Ciências Biológicas da UnB é cadastrado pelo CONCEA e atende todos os departamentos que utilizam animais no IB além de outras faculdades da UnB
24218,Biotério Experimental Danio Rerio,BEDAR,Universidade Federal de São Paulo,UNIFESP,Diadema,SP,False,"Biotério onde são produzidos embriões de zebrafish, e desenvolvimento de novos modelos filogenético como alternativa aos experimentos com animais. Também conduzimos experimentos neurotoxicológicos e comportamentais sob encomenda ou em colaboração."
10785,BIOTÉRIO EXPERIMENTAL NB3-UEM,BENBA3,Universidade Estadual de Maringá,UEM,Maringá,PR,False,"O biotério de nível de biossegurança nível III (BENBA3), pertence a Central de Tecnologia em Saúde (CTS), uma das oito centrais de estudo do Complexo de Centrais de Apoio à Pesquisa (COMCAP – UEM), uma grande estrutura multiusuária construída e equipada com recursos captados junto à FINEP-CT-INFRA, sendo a maior de todo o Paraná."
9366,Biotério Institucional da URCA,BIOTERIO,UNIVERSIDADE REGIONAL DO CARIRI,URCA,Crato,CE,False,"O Biotério da URCA visa desenvolver o conhecimento em ciência de animais de laboratório focado em produzir e fornecer animais e serviços estratégicos, bem como, buscando excelência científica e tecnológica em uso de modelos animais. Focando na Bioética e Bem-estar animal respeitando as leis, os princípios éticos e as convenções nacionais e internacionais que abrangem a ciência em animais de laboratório, preservar a saúde física dos animais, sua saúde mental e comportamental."
16013,Biotério Nanci do Nascimento,BIOT NN,INSTITUTO DE PESQUISAS ENERGÉTICAS E NUCLEARES,IPEN-CNEN,São Paulo,SP,False,"Laboratório formado por um complexo de salas voltado para experimentação, criação, fornecimento e manutenção de animais de laboratório com qualidade genética e sanitária controlada"
34495,BIOTÉRIO/UP,BT,Universidade Positivo,UP,Curitiba,PR,False,"O Biotério da Universidade Positivo, em parceria com o M.A.R.C. Institute, é um espaço dedicado ao ensino e pesquisa, atendendo cursos como Medicina, Medicina Veterinária, Odontologia, Enfermagem e Radiologia. Possui sala de comportamento animal, áreas para cirurgias experimentais e preparo de peças anatômicas. Conta com estrutura para armazenamento de peças cadavéricas, garantindo suporte completo às práticas acadêmicas e proporcionando um ambiente adequado para aprendizado e inovação."
11752,BioxLab - Laboratório de Informática em Saúde,BioxLab,Universidade Estadual de Campinas,UNICAMP,Campinas,SP,False,"Desenvolvimento e aplicação de soluções em reconhecimento corporal, interação humano-computador por meios não convencionais e interfaces de realidade virtual e aumentada."
19001,Blue Engineering Lab,Blue Eng. Lab.,Pontifícia Universidade Católica do Paraná,PUC-PR,Curitiba,PR,False,"O Blue Engineering Lab da Escola Politécnica da PUCPR possui uma infraestrutura abrangente dedicada a pesquisas no âmbito do monitoramento ambiental, que já tem sido utilizada há muitos anos para projetos de pesquisa e prestação de serviços. Este laboratório está equipado com uma ampla variedade de sensores e instrumentos destinados ao monitoramento da qualidade da água e do ar."
24878,Botânica,BOT,Universidade Federal de Mato Grosso do Sul,UFMS,Campo Grande,MS,False,"O laboratório de Botânica está vinculado ao Instituto de Biociências da UFMS, em Campo Grande MS. No laboratório estão lotados os Laboratório de: Anatomia Vegetal, de Ecologia Vegetal, Sistemática Vegetal, Liquenologia, Fisiologia de Sementes, Etnobotânica, Ecologia da Intervenção e de Polinização, Reprodução e Fenologia de Plantas"
40703,Botânica e Paisagismo,BOT,Universidade Católica de Santos,UNISANTOS,Santos,SP,False,"O Laboratório está localizado no Centro de Pesquisa e Tecnologia no Departamento de Laboratórios - DLA da Universidade Católica de Santos. Têm como finalidade dar suporte aos componentes curriculares da área da ciências vegetais da graduação, pesquisa e extensão na Instituição. São estudadas além das caracterizações da estrutura celular vegetal, inclusões orgânicas e inorgânicas celulares a classificação dos organismos vegetais dos diferentes biomas brasileiros."
12817,Brain Stimulation and Motor Control Laboratory / Laboratório de Estimulação Cerebral e Controle Motor,BrainSMC lab,Universidade de São Paulo,USP,Ribeirão Preto,SP,False,"Integrado ao Programa de Pós-graduação em Neurologia do Departamento de Neurociências e Ciências do Comportamento FMRP-USP, o BrainSMC lab é dedicado à pesquisa científica para a compreensão do controle motor após lesões neurológicas e desenvolvimento de estratégias de reabilitação utilizando técnicas de neuromodulação transcraniana não-invasiva. São analisadas avaliações clínicas e neurofisiológicas quantitativas, além de dados de neuroimagem na condução da linha de pesquisa."
45079,Brazilian Institute of Pharmacogenomic and Epigenomic in Cardiotoxicity,BIPEC,Faculdade de Ciências Farmacêuticas,FCF,São Paulo,SP,True,"O instituto desenvolve metodologias para estudos farmacogenômicos, epigenômicos, transcriptômicos, proteômicos e metabolômicos. Inclui metodologias de sequenciamento de nova geração, validação de métodos para caracterização de variantes de base única e outras modificações genômicas, principalmente relacionadas a doenças humanas.
Possui sequenciador de nova geração, sistema de sequenciamento Sanger, equipamentos de qPCR, TapeStation, NanoDrop, extrator automático de DNA e plataforma Luminex."
33438,Brinquedoteca,BQTPED,"Instituto Federal de Educação, Ciência e Tecnologia do Norte de Minas Gerais",IFNMG,Salinas,MG,False,"O curso de Pedagogia - IFNMG/campus Salinas tem suas ações voltadas para a formação inicial e continuada de docentes, gestores e pesquisadores na área de educação, especialmente, de pedagogos. O trabalho se dá pelo tripé ensino-pesquisa-extensão, tem como foco estudos e práticas de ensino por meio de projetos interdisciplinares, linguagem lúdica, no desenvolvimento cognitivo, social e emocional de crianças na educação pública de Salinas/MG, de forma que, a Brinquedoteca é ímpar nesse contexto."
2020,Bromatologia,MCH-Bromatologia,"Instituto Federal de Educação, Ciência e Tecnologia do Sul de Minas Gerais",IFSULDEMINAS,Machado,MG,False,"Este laboratório está localizado no Núcleo de Alimentos, ocupando uma área de 96,96 metros quadrados, com capacidade para atender turmas de 40 alunos. Usado para aulas, pesquisas, desenvolvimento de novos produto e extensão para os níveis de ensino técnico, superior e mestrado."
9711,BSL3 Cell Culture Facility for Vector and Animal Research,NB3/BSL3A,Universidade de São Paulo,USP,São Paulo,SP,False,"O laboratório multiusuário NB3 (BSL3-A) do Departamento de Parasitologia do ICB-USP foi criado para pesquisa de patógenos humanos de risco biológico da classe 3, como protozoários, vírus e Rickettsia rickettsii. O laboratório foi construído de acordo com as normas da CTNBio e está devidamente registrado. Experimentos com animais e vetores podem ser realizados juntamente com a microscopia de fluorescência."
11709,By&Bio - By-products to bioproducts lab,By&Bio,Universidade Federal do Rio de Janeiro,UFRJ,Rio de Janeiro,RJ,False,"O laboratório By&Bio – By-products to Bioproducs lab está localizado na Escola de Química da UFRJ, no bloco E do Centro de tecnologia e tem como princípio o aproveitamento de resíduos e a valorização dos co/subprodutos agroindustriais nos cultivos com leveduras/bactérias a fim de evitar o descarte inadequado e reduzir custos de produção. Os equipamentos, bancadas, armários com vidrarias e reagentes estão distribuídos em um espaço de 200 m2."
43620,CAIS,Unilab,Universidade da Integração Internacional da Lusofonia Afro-Brasileira,UNILAB,Redenção,CE,False,"O Centro de Atenção Integral à Saúde (CAIS – ICS/UNILAB), equipamento de saúde vinculado ao Instituto de Ciências da Saúde, que atua como campo estratégico para ações de ensino, pesquisa e extensão. O CAIS oferece atendimento ambulatorial especializado, incluindo ambulatório de enfermagem ginecológica, educação sexual, testagem rápida para ISTs, nutrologia, saúde mental, entre outros, além de sala de imunização e espaços de acolhimento."
30982,Cais Consciência,Cais,Universidade Estadual de Santa Cruz,UESC,Ilhéus,BA,False,Espaço de divulgação e popularização da Ciência. Oferece exposições e atividades para o público em geral.
15040,"Caleidoscópio: Instituto de Estudos Avançados em Iniquidades, Desigualdades e Violências de Gênero e Sexualidade e suas Múltiplas Insurgências",INCT Caleidoscópio,Universidade de Brasília,UNB,Brasília,DF,True,"O instituto tem a missão de contribuir para redução das violências e desigualdades que marcam a vida das mulheres nas ciências, por meio da implantação de observatórios, incubadoras sociais e de uma robusta política de divulgação e transferência de conhecimentos. Reúne grupos de pesquisa de 24 instituições do país, a partir de uma perspectiva feminista, transfeminista e antirracista. Tem sede na Universidade de Brasília."
24976,Campo Agrostológico - GEPI/UFMT,GEPICamp,Universidade Federal de Mato Grosso,UFMT,Sinop,MT,False,"O Campo Agrostológico do GEPI (UFMT/CUS), conta com 96 parcelas estabelecidas com diversas plantas forrageiras (leguminosas e gramíneas), que são utilizadas para aulas de graduação e pós-graduação, bem como para capacitação de técnicos, empresários rurais, etc. Também é utilizado na área de pesquisa, com estabelecimento e acompanhamento de novos cultivares de plantas forrageiras, com análises laboratoriais (bromatologia e histologia). Assim, o campo é utilizado para Ensino, Pesquisa e Extensão."
46785,Campo Experimental da Fazendinha,CEFAZ-CPAFAP,EMBRAPA AMAPÁ,CPAF-AP,Macapá,AP,False,"O Campo Experimental da Fazendinha está localizado no Polo Hortifruti Granjeiro da Fazendinha, 3748, Fazendinha/AP. Possui extensão de 9,2 ha. 
A estrutura do CEFAZ é focada em tecnologia e sustentabilidade com destaque para estudos com Aquicultura. O CEFAZ possui tanques escavados voltados para a criação de peixes, quelônios e camarões, além de área experimental com  incubadoras e bateria experimental para a pesquisa com quelônios."
36139,Campo Experimental de Sistemas Agrícolas,CESAg,"Centro Nacional de Pesquisa em Pesca, Aquicultura e Sistemas Agrícolas",CNPASA,Palmas,TO,False,"No CESAg são realizadas pesquisas de vanguarda visando o desenvolvimento de sistemas de produção agropecuários intensivos e sustentáveis. Para tanto, são realizados plantios de soja, milho, pastagens, arroz, feijão, mandioca, gergelim, dentre outras culturas."
44619,Campo experimental - Passo Fundo,CE - PF,Fundação Pró-Sementes de Apoio à Pesquisa,FPS,Passo Fundo,RS,False,"Trata-se de um campo experimental onde são conduzidos ensaios de cultivares, VCU, densidades, época de semeadura, populações segregantes, progênies de soja e trigo e pequenas multiplicações de sementes.
Além disso, proporcionamos à clientes este ambiente para condução de protocolos de seu interesse."
45305,Campos Experimentais em Aquicultura,CEAQ,"Centro Nacional de Pesquisa em Pesca, Aquicultura e Sistemas Agrícolas",CNPASA,Palmas,TO,False,"O Campo Experimental em Aquicultura (CEAq) é destinado a realização de trabalhos de pesquisa e desenvolvimento (genética e reprodução, nutrição e alimentação, sistemas de produção, sanidade). Possui 72 viveiros com área total de lâmina d’água de 42.400 m2, 3 biotérios de experimentação indoor com sistemas de recirculação de diversos volumes, fábrica de ração e estruturas de apoio."
30779,CamposLab,CamposLab,Universidade Federal de Mato Grosso,UFMT,Cuiaba,MT,False,"O Camposlab foca suas atividades no estudo dos mecanismos de resistencia das plantas contra o ataque por pragas e patógenos. Utilizamos especies cultivadas, como o tomateiro, para estudar as consequências da ativação dos sistema de defesa contra inimigos no desenvolvimento das plantas."
31834,CAMPUS CULTURAL UFMG EM TIRADENTES,CCUFMG em Tiradentes,Universidade Federal de Minas Gerais,UFMG,Tiradentes,MG,True,"Composto pelo Museu Casa de Padre Toledo, Centro de Estudos e Biblioteca, Quatro Cantos Espaço Cultural, que com acervos, espaços expositivos e reserva técnica realizam constantes diálogos entre história, divulgação científica e cultural, pesquisas e criação de estratégias de divulgação e de formação. Permite aos pesquisadores, visitantes e artistas que se apresentam regularmente, bem como à população local, o exercício do conhecimento histórico e a consciência patrimonial crítica e social."
34077,Carlos Chagas,BIOGERAL,Instituto Federal de Brasília,IFB,Planaltina,DF,True,"Laboratório de biologia geral, usado no Campus Planaltina para as atividades de ensino, pesquisa e extensão."
15268,Cartesius Unidade Analítica,GND,Universidade de São Paulo,USP,São Paulo,SP,False,"Laboratório que realiza pesquisas nas áreas da farmacologia cardiovascular e do trato geniturinário, disfunção erétil e farmacologia clínica. Realiza experimentos de curva concentração-resposta, Langendorff e sistema cascata. Desenvolve trabalho de farmacologia clínica na área de estudos de biodisponibilidade, estudos de farmacocinética e estudos fase I. O laboratório apresenta infra-estrutura para quantificação de medicamentos e seus metabólitos acoplada à espectrometria de massa"
41462,Casa da Cultura da América Latina,CAL/UnB,Universidade de Brasília,UNB,Brasília,DF,False,"A CAL é um museu universitário de arte com a missão de preservar, pesquisar e divulgar o acervo artístico da UnB. Com um acervo de 2700 obras, realiza atividades de pesquisa em conservação, exposições de bens culturais e promove ações culturais que articulam o ensino, a pesquisa e a extensão."
29072,Casa de Vegetação,CV,Universidade Federal do Rio de Janeiro - Decanato do Centro de Ciências da Saúde,UFRJ-CCS,Rio de Janeiro,RJ,False,"A  casa de vegetação é um labratorio que visa estudar o desenvolvimento de especies vegetais de interesse da agrocultira e plantas modelo, sendo constituida de uma estrutura metálica e revestimento plástico com sistema de irrigação e controle de condições permitindo o estabelecimento de um microambiente especifico para o cultivo de espécies e realização de esperimentos de morfofisiologia vegetal permitindo testagens de produtos biotecnológicos."
732,Casa de vegetação e pomar experimental,CVP,Instituto Federal de Santa Catarina,IFSC,Urupema,SC,False,"Casa de vegetação: Estufa com estrutura metálica e revestimento plástico com filme transparente de 150 micras, cortinas com acionamento manual e sistema de irrigação em canos de PVC com microaspersores com válvulas anti-gotas acionados por temporizador automático.
Dimensões: largura 08 m, comprimento 18 m,  altura do pé-direito 3 metros, área total: 144 m².

Pomar experimental: Área de aproximadamente 4500 m² para realização de pesquisas, aulas práticas e cultivo de plantas de clima temperado."
2890,Casa de Vegetação - IFPR Umuarama,LabVeg - Umuarama,Instituto Federal do Paraná,IFPR,Umuarama,PR,False,Laboratório utilizado para manutenção e propagação de plantas
35285,CCAF - Capão do Leão,CCAF-Capão do Leão,Universidade Federal de Pelotas,UFPel,Capão do Leão,RS,False,"O CCAF é um conjunto de quatro laboratórios dedicados ao crescimento de cristais e filmes finos em diferentes escalas com técnicas de micro-ondas, evaporação catódica, estados sólido, precursores poliédricos e Dip eletroforese, sendo partes destas desenvolvidas e patenteadas pelo grupo. Tais métodos são destinados a pesquisa de materiais opticamente ativos aplicados a dispositivos fotovoltaicos, fotodegradação e detectores de radiação ionizante."
40122,CCMI - ITA - Laboratório de soldagem,CCMI-ITA-LABSOLDA,Instituto Federal do Ceará,IFCE,Itapipoca,CE,False,"É um espaço dedicado ao ensino, à pesquisa e à prática das principais técnicas de união de metais utilizadas na indústria moderna. O ambiente foi projetado para proporcionar segurança, eficiência e aprendizado prático aos estudantes dos cursos técnicos, de graduação e de formação continuada nas áreas de Mecânica, Metalurgia e Engenharia.
O laboratório conta com boxes individuais de soldagem, sistema de exaustão e ventilação, equipamentos de proteção coletiva e individual."
2014,CDM - Laboratório de Análise Sensorial,Lab Sensorial,"Instituto Federal de Educação, Ciência e Tecnologia do Sul de Minas Gerais",IFSULDEMINAS,Carmo de Minas,MG,False,Laboratório de análise sensorial de alimentos e bebidas
1795,CDM - Laboratório de Ciências,Lab. Ciências,"Instituto Federal de Educação, Ciência e Tecnologia do Sul de Minas Gerais",IFSULDEMINAS,Carmo de Minas,MG,False,Laboratório para o desenvolvimento de experimentos e projetos nas áreas de química e física.
2031,CDM - Laboratório de Físico-química e Grãos,Lab. Físico química,"Instituto Federal de Educação, Ciência e Tecnologia do Sul de Minas Gerais",IFSULDEMINAS,Carmo de Minas,MG,False,"Laboratório de análises físico-químicas e de composição dos alimento, grãos e farináceos."
1727,CDM - Laboratorio de Hardware,LAB04,"Instituto Federal de Educação, Ciência e Tecnologia do Sul de Minas Gerais",IFSULDEMINAS,Carmo de Minas,MG,False,"Este laboratório contem computadores e componentes de hardware diversos, como estrutura de ferramentas, bancadas e equipamentos para auxilio na aplicação e prática das disciplinas manutenção de computadores e redes."
3632,CDM - Laboratorio de Informatica 01,LAB01,"Instituto Federal de Educação, Ciência e Tecnologia do Sul de Minas Gerais",IFSULDEMINAS,Carmo de Minas,MG,False,Este laboratório contém computadores instalados com diversos softwares para auxílio na aplicação e prática das disciplinas que envolve o uso da informática.
1725,CDM - Laboratorio de Informatica 02,LAB02,"Instituto Federal de Educação, Ciência e Tecnologia do Sul de Minas Gerais",IFSULDEMINAS,Carmo de Minas,MG,False,Este laboratório contém computadores instalados com diversos softwares para auxílio na aplicação e prática das disciplinas que envolve o uso da informática.
1726,CDM - Laboratorio de Informatica 03,LAB03,"Instituto Federal de Educação, Ciência e Tecnologia do Sul de Minas Gerais",IFSULDEMINAS,Carmo de Minas,MG,False,Este laboratório contém computadores instalados com diversos softwares para auxílio na aplicação e prática das disciplinas que envolve o uso da informática.
1797,CDM - Laboratório de Microbiologia de Alimentos,Lab. Microbiologia,"Instituto Federal de Educação, Ciência e Tecnologia do Sul de Minas Gerais",IFSULDEMINAS,Carmo de Minas,MG,False,"Laboratório de análise microbiológica de alimentos, bebidas e água."
2034,CDM - Laboratório de Processamento de Alimentos,Lab. Processamento,"Instituto Federal de Educação, Ciência e Tecnologia do Sul de Minas Gerais",IFSULDEMINAS,Carmo de Minas,MG,False,"Laboratório de processamento de alimentos vegetais, leite e derivados, carnes, produtos à base de grãos, panificação, confeitaria e pastifício."
20703,CDTEQ - Centro de Desenvolvimento de Tecnologias Químicas,CDTEQ,Fundação Universidade Estadual de Mato Grosso do Sul,UEMS,Naviraí,MS,False,"O Centro de Pesquisa CDTEQ é composto por pesquisadores de diversas áreas do conhecimento e possui infraestrutura correlacionada principalmente a: Química, Química Analítica, Produtos Naturais, Química Bioinorgânica, Química de Materiais, Química Agrícola, Engenharia de Alimentos, Tecnologia em Alimentos, Microbiologia de Alimentos e Agrícola, que dão suporte didático e de pesquisa aos cursos de graduação (Química e Engenharia de Alimentos) e de pós graduação stricto sensu (Recursos Naturais)."
36659,CDTS - Laboratório de Biologia Computacional,CDTS-LBC,Fundação Oswaldo Cruz,FIOCRUZ,Rio de Janeiro,RJ,True,"O Laboratório de Biologia Computacional no CDTS/Fiocruz aplica a bioinformática para analisar dados biológicos complexos, como genomas e interações moleculares.  Ele desenvolve modelos computacionais para entender doenças e projetar fármacos, sendo essencial para genômica, descoberta de alvos terapêuticos e gestão de bancos de dados biológicos."
36653,CDTS - Laboratório de Detecção Molecular,CDTS-LDM,Fundação Oswaldo Cruz,FIOCRUZ,Rio de Janeiro,RJ,True,"O Laboratório de Detecção Molecular/PCR em tempo real no CDTS/Fiocruz especializa-se em técnicas avançadas de detecção molecular, com foco em PCR em tempo real. Essencial para diagnóstico rápido e preciso de doenças, identificação de patógenos e monitoramento terapêutico, apoia pesquisa genômica e desenvolvimento de biofármacos, sendo crucial em emergências de saúde pública."
36658,CDTS - Laboratório de Genômica,CDTS-LG,Fundação Oswaldo Cruz,FIOCRUZ,Rio de Janeiro,RJ,True,"O Laboratório de Genômica no CDTS/Fiocruz estuda o genoma de organismos (vírus, bactérias, etc.). Ele identifica novos vírus, rastreia doenças, caracteriza variantes genéticas e desenvolve diagnósticos/terapias. Usa sequenciamento de DNA e se integra a área de bioinformática para analisar dados genômicos."
36652,CDTS - Laboratório de Produção Biotecnológica,CDTS-LPPM,Fundação Oswaldo Cruz,FIOCRUZ,Rio de Janeiro,RJ,True,"Para produção de proteínas e anticorpos monoclonais, sistemas celulares expressam material genético. Procariotos (como E. coli) são rápidos e baratos, ideais para proteínas menores, mas limitados em modificações. Eucariotos (leveduras, células de inseto e mamíferos) permitem dobramento e modificações complexas, cruciais para proteínas terapêuticas; células de mamíferos são preferidas para anticorpos, apesar do custo maior. RNAs por expressão acelular e sintéticos"
24283,CEAF-Centro de Excelência em Atividade Física,CEAF,Universidade Estadual de Maringá,UEM,Maringá,PR,True,"O CEAF atende a graduação e a pós graduação servindo o ensino, a pesquisa e a extensão. Os laboratórios atendem a comunidade interna e externa oferecendo as seguintes atividades: musculação, ginástica, artes marciais, natação, hidroginástica e avaliação física.O laboratório conta com uma piscina semi olímpica de 25mX12,5m em um bloco de 1.510m²; academia completa de 855 m² e um bloco de artes marciais de  910m²."
46773,CEBIO - Infraestrutura laboratorial que compõe a Unidade de Referência em Bioinsumos - URB Cebio IF Goiano Campus Morrinhos,URB Morrinhos,Instituto Federal Goiano,IF GOIANO,Morrinhos,GO,False,"A Unidade de Referência em Bioinsumos do Campus de Morrinhos  é um laboratório com foco no estudo de doenças de plantas e prospecção de agentes de controle biológico.  Funciona nas dependências do Laboratório de Fitopatologia (LAFIP), o qual atende aos cursos de Técnico em Agropecuária, Graduação em Agronomia e Pós-Graduação em Olericultura. Além disso, é utilizado para prestação de serviços tecnológicos"
46681,CEBIO - Infraestrutura laboratorial que compõe a Unidade de Referência em Bioinsumos - URB Cebio IF Goiano Campus Rio Verde,URB Rio Verde,Instituto Federal Goiano,IF GOIANO,Rio Verde,GO,False,"O Centro de Excelência em Bioinsumos (CEBIO) do Estado de Goiás - Ações e Estratégias para o Desenvolvimento, Ampliação e Consolidação do Uso de Tecnologias Ancoradas no Programa Estadual de Bionsumos, em parceria com empresas da área de bioinsumos, possui como foco a otimização de produtos e processos."
46776,CEBIO - Infraestrutura laboratorial que compõe a Unidade de Transferência de Tecnologia - UTT Biofábrica de Algas Cebio IF Goiano Campus Rio Verde,UTT Biofábrica Algas,Instituto Federal Goiano,IF GOIANO,Rio Verde,GO,False,"A Biofábrica de Algas está desenvolvendo uma linha de pesquisa integrada que abrange desde a produção e otimização do cultivo de microalgas até a transformação dessa biomassa em bioinsumos agrícolas capazes de aumentar a produtividade e a tolerância das culturas aos estresses ambientais. O trabalho combina biotecnologia, fisiologia vegetal, nanotecnologia e agricultura sustentável, buscando soluções inovadoras para os desafios impostos pelas mudanças climáticas."
46734,CEBIO - Infraestrutura laboratorial que compõe a Unidade de Transferência de Tecnologia - UTT Cebio IF Goiano Campus Ceres,UTT Ceres,Instituto Federal Goiano,IF GOIANO,Ceres,GO,False,"Estrutura técnico-científica destinada à bioprospecção, produção, multiplicação e validação de bioinsumos voltados à agricultura sustentável. Atua na escalabilidade de microrganismos promotores de crescimento de plantas e agentes de controle biológico, integrando atividades de pesquisa, ensino e extensão."
46774,CEBIO - Infraestrutura laboratorial que compõe a Unidade de Transferência de Tecnologia - UTT Cebio IF Goiano Campus Cristalina,UTT Cristalina,Instituto Federal Goiano,IF GOIANO,Cristalina,GO,False,"O laboratório da UTT/CEBIO do Campus Cristalina desenvolve atividades de pesquisa, ensino e extensão voltadas à produção e avaliação de bioinsumos. Entre as principais ações estão o isolamento, cultivo e multiplicação de microrganismos de interesse agrícola, o desenvolvimento e a otimização de meios de cultura e processos fermentativos, a realização de análises microbiológicas e de controle de qualidade, além de ensaios para avaliação da eficiência de bactérias, fungos e outros agentes biológico"
46642,CEBIO - Infraestrutura laboratorial que compõe a Unidade de Transferência de Tecnologia - UTT Cebio IF Goiano Campus Hidrolândia,UTT Hidrolândia,Instituto Federal Goiano,IF GOIANO,Hidrolândia,GO,False,"As Unidades de Transferência de Tecnologia (UTTs) facilitam a disseminação de conhecimento e tecnologia em bioinsumos. Elas adaptam recomendações tecnológicas às demandas locais, abordando questões de multiplicação, formulação, aplicação e eficiência dos bioinsumos. As UTTs têm a missão de apresentar à sociedade, aos agricultores, técnicos e empresas as soluções tecnológicas desenvolvidas pelo CEBIO."
46878,CEBIO - Infraestrutura laboratorial que compõe a Unidade de Transferência de Tecnologia - UTT Cebio IF Goiano Campus Iporá,UTT Iporá,Instituto Federal Goiano,IF GOIANO,Iporá,GO,True,"A Unidade de Transfereência de Tecnologia (UTT Campus Iporá) pertence ao Centro de Excelencia em Bioinsumos (CEBIO), possui estrutura laboratorial instalada na Fazenda Escola do Instituto Federal Goiano, Campus Iporá, e desempenha papel fundamental para o fomento e deselvolvimento da região na tematica uso de bioinsumos. Possui grande vocação para uso e aplicação destas tecnologias principalmente em mandiocultura de mesa, dentre outros cultivos agricolas, como soja, pastagens, milho verde."
46809,CEBIO - Infraestrutura laboratorial que compõe a Unidade de Transferência de Tecnologia - UTT Cebio IF Goiano Campus Posse,UTT Campus Posse,Instituto Federal Goiano,IF GOIANO,Posse,GO,True,"Laboratório voltado para multiplicação de microrganismos OnFarm, realização de experimentos, parcerias e controle de qualidade"
46712,CEBIO - Infraestrutura laboratorial que compõe a Unidade de Transferência de Tecnologia - UTT Cebio UFCAT,UTT CEBIO UFCAT,Universidade Federal de Catalão,UFCAT,Catalão,GO,True,"A UTT Cebio UFCAT é financiada pela FAPEG - Fundação de Amparo à Pesquisa do Estado de Goiás e tem suas atividades voltadas ao ensino, à pesquisa e à difusão tecnológica em bioinsumos microbianos e na produção de substratos a partir de biomassa vegetal. Com foco na agricultura familiar e na produção orgânica, tem buscado desenvolver soluções sustentáveis de baixo custo alinhadas às necessidades dos agricultores familiares, contribuindo para ampliar a produtividade e a autonomia no campo."
46817,CEBIO - Infraestrutura laboratorial que compõe a Unidade de Transferência de Tecnologia - UTT Cebio UFG Nuclisolos Agroambiental,UTT UFG NUCLISOLOS,Universidade Federal de Goiás,UFG,Goiânia,GO,False,"A unidade da UFG tem como proponente principal o Instituto Federal Goiano, e foi planejada para fomentar pesquisas e ações de extensão em bioinsumos, com foco em biofertilizantes. As principais linhas de atuação incluem a prospecção de fungos micorrízicos arbusculares do Cerrado Goiano e o uso de fungos Trichoderma, desde a pesquisa básica até a aplicação prática no campo."
46881,CEBIO - Infraestrutura laboratorial que compõe a Unidade de Transferência de Tecnologia - UTT IF Goiano Campus Campos Belos,UTT Campos Belos,Instituto Federal Goiano,IF GOIANO,Campos Belos,GO,False,"Estrutura técnico-científica destinada à bioprospecção, produção, multiplicação e validação de bioinsumos voltados à agricultura sustentável. Atua na escalabilidade de microrganismos promotores de crescimento de plantas e agentes de controle biológico, integrando atividades de pesquisa, ensino e extensão."
45584,Celula BIM da Faculdade de Arquitetura da UFRGS,BIMCell,Universidade Federal do Rio Grande do Sul,UFRGS,Porto Alegre,RS,False,"Laboratório acadêmico voltado ao ensino, pesquisa e extensão em tecnologias digitais aplicadas à arquitetura e design, com foco em BIM, Inteligência Artificial, desenho paramétrico e fabricação digital e visualição/simulação. O espaço apoia atividades de formação, experimentação, prototipagem e desenvolvimento de metodologias digitais para o processo de design e produção arquitetônica., incluindo projeto, documentação e simulação."
26779,"Células, Tecidos e Genes",Ctg,Hospital de Clinicas de Porto Alegre- HCPA,HCPA,Porto Alegre,RS,False,"O laboratório de células, Tecidos e Genes faz parte do Centro de Pesquisa Experimental do Hospital de Clínicas de Porto Alegre e realiza pesquisas em terapia gênica, fisiologia e câncer."
27622,Celulose e Papel,CP,SERVICO NACIONAL DE APRENDIZAGEM INDUSTRIAL - SENAI Telêmaco Borba,SENAI Telêmaco Borba,Telêmaco Borba,PR,True,"Laboratório de Celulose e Papel oferece análises detalhadas e desenvolvimento de produtos via equipamentos de última geração e parcerias para inovação. Com foco em qualidade e avanço tecnológico, atendemos demandas de pesquisa, garantindo resultados superiores e soluções pioneiras no setor."
3003,CeMA Central  Multiusuário de Análises,CeMA,Instituto Federal Goiano,IF GOIANO,Rio Verde,GO,False,"CeMA é um laboratório multiusuário contém equipamentos modernos, que abrangem técnicas cromatográficas, espectrométricas, de análises térmicas, entre outras, e possui ambiente de apoio para a preparação de padrões, amostras e análises. Realizam-se procedimentos técnicos necessários ao desenvolvimento de projetos de pesquisa científica e tecnológica em diversas áreas do conhecimento, e contribui para a formação científica e tecnológica de professores, estudantes e profissionais em diversas áreas"
8203,Center for Advanced and Sustainable Technologies,CAST,Universidade Estadual Paulista Júlio de Mesquita Filho,UNESP,São João da Boa Vista,SP,True,"Desenvolver e analisar tecnologias e produtos avançados para reduzir os impactos ambientais negativos durante seu ciclo de vida, visando os objetivos de desenvolvimento sustentável (ODS) da Agenda 21 das Nações Unidas (ONU) é um dos principais desafios da engenharia contemporânea. O CAST é um laboratório de pesquisa formado por um grupo multidisciplinar e interdisciplinar que visa contribuir ativamente para a produção de conhecimento, desenvolvimento e aplicação de tecnologias sustentáveis."
43615,Cento de estética/ UP,C.E,Universidade Positivo,UP,Curitiba,PR,False,"O Centro de Estética da Universidade Positivo realiza aulas práticas de formulações cosméticas, anatomia com modelos anatômicos e práticas dos cursos de Estética e Cosmética, Farmácia e Biomedicina. Oferece atendimentos supervisionados em estética facial e corporal, integrando ensino, prática clínica e serviços à comunidade. Também abriga aulas de Tricologia e Visagismo, com foco em cuidados capilares, análise do couro cabeludo, tratamentos capilares e estudos de imagem pessoal."
28092,Central Analítica,CA,Universidade Federal do Rio Grande do Sul,UFRGS,Porto Alegre,RS,False,"https://www.ufrgs.br/dequi-labs/central-analitica/
A Central Analítica é um setor de análise de materiais e substâncias químicas direcionado para o ensino e pesquisa em nível de graduação e pós-graduação com o intuito de formar estudantes altamente qualificados no Departamento de Engenharia Química (DEQUI) e, eventualmente, de outros Departamentos e Unidades da Universidade Federal do Rio Grande do Sul (UFRGS)."
46473,Central Analítica,CA,Associação Pró-Ensino Superior em Novo Hamburgo,ASPEUR,Novo Hamburgo,RS,False,"O laboratório atende análises de efluentes, água superficial, água subterrânea e água para consumo. Como também atende aulas de graduação e pesquisa."
23008,Central Analítica,CA,Universidade Federal de Itajubá,UNIFEI,Itajubá,MG,False,Centro Analítico de Instrumentação do Instituto de Física e Química da Universidade Federal de Itajubá com equipamentos de diversas técnicas analíticas.
212,Central Analítica,CEANA,Universidade Federal do Ceará,UFC,Fortaleza,CE,False,"A Central Analítica da Universidade Federal do Ceará, Órgão Suplementar da UFC, tem por missão proporcionar, para usuários de diversas áreas do conhecimento, infra-estrutura em técnicas analíticas e de microscopia, com o objetivo de viabilizar, aprimorar e promover pesquisas científicas e tecnológicas na UFC e outras instituições de pesquisa, com inserção em atividades de ensino em nível de graduação e pós-graduação, extensão, prestação de serviços e desenvolvimento com o setor produtivo."
4282,Central Analítica,Central Analítica,"Fundação de Integração, Desenvolvimento e Educação do Noroeste do Estado do Rio Grande do Sul",FIDENE,Ijuí,RS,False,"A Central Analítica é cadastrada junto a FEPAM, e realiza atividades de análises físico-químicas, microbiológicas e amostragem em águas e efluentes para a comunidade em geral. A distribuição dos espaços segue a orientação da ABNT, o que o classifica como Laboratório de Pesquisa Padrão. Desta forma, a Central Analítica está inserida como  prestador de serviços operando com um Sistema de Gestão da Qualidade segundo a ABNT NBR ISO/IEC 17025:2017 reconhecido pela Rede Metrológica do RS."
4756,Central Analítica,Central Analítica,Instituto de Pesquisas da Marinha,IPQM,Rio de Janeiro,RJ,True,"A Central Analítica é voltada para a identificação de um composto ou investigação da composição de uma amostra, além de caracterizar propriedades mecânicas de materiais"
4430,Central Analítica,CA,Universidade Federal de Juiz de Fora,UFJF,Juiz de Fora,MG,False,Central de análises químicas do Departamento de Química daUFJF
40320,Central Analítica,Central Analítica,Instituto Federal do Ceará,IFCE,Quixadá,CE,False,"A Central Analítica é um laboratório destinado a atividades de pesquisa, ensino e prestação de serviço em análises químicas instrumentais. Em sua infra estrutura estão os equipamentos de Cromatografia Líquida de Alta Eficiência (CLAE), Cromatrografia a Gás (CG), Cromatografia de Íons (cátions e ânions), espectroscopia UV-Vis, fotômetro de chama, além de equipamentos de suporte como, Aparelho de produção de água ultra pura (Milli-Q), banho de ultra son, balança de precisão."
8353,Central Analítica,CA_PPGCF_UFRGS,Universidade Federal do Rio Grande do Sul,UFRGS,Porto Alegre,RS,False,"A Central Analítica do Programa de Pós-Graduação em Ciências Farmacêuticas da UFRGS dispõe de equipamentos para análise, extração e purificação de compostos e misturas complexas."
27041,Central Analítica.,CA,PADETEC-PARQUE DE DESENVOLVIMENTO TECNOLOGICO S/C,PADETEC,Fortaleza,CE,True,"Este laboratório tem como foco as mais variadas análises físico-químicas, dentre as quais podemos destacar, espectrofotometria, cromatografia gasosa, cromatografia líquida, calorimetria, análise química de fluidos (viscosidade), análises químicas qualitativas e quantitativas, referentes a descoberta da composição de materiais ou componentes e determinação do teor de cada espécie na amostra. Isso, por sua vez, reflete na qualificação e quantificação dos materiais analisados."
2860,CENTRAL ANALÍTICA,CA/CCT,Universidade Federal do Cariri,UFCA,Juazeiro do Norte,CE,False,"A Central Analítica da UFCA, é um centro de análises que objetiva dar suporte às atividades didáticas realizadas pelos cursos de graduação e pós-graduação, bem como viabilizar o desenvolvimento de atividades relacionadas à pesquisa e extensão, disponibilizando serviços científicos e tecnológicos a usuários internos e externos, estabelecendo parcerias, colaborações, capacitação de pessoal e prestação de serviços."
8257,Central Analítica 1,CA1-CCET,Universidade Federal do Oeste da Bahia,UFOB,Barreiras,BA,True,A Central Analítica Multiusuário 01 do Centro das Ciências Exatas e das Tecnologias da Universidade Federal do Oeste da Bahia fica localizada no Lab 114 do Pav. de Laboratórios do Campus Reitor Edgard Santos na Cidade de Barreiras/BA
8254,Central Analítica 2,CA2-CCET,Universidade Federal do Oeste da Bahia,UFOB,Barreiras,BA,True,A Central Analítica Multiusuário 02 do Centro das Ciências Exatas e das Tecnologias da Universidade Federal do Oeste da Bahia é localizada no Lab 116 do Pav. de Laboratórios do Campus Reitor Edgard Santos na cidade de Barreiras/BA.
21170,Central Analítica - Central Analítica do Campus Laranjeiras do Sul,CA,Universidade Federal da Fronteira Sul,UFFS,Laranjeiras do Sul,PR,True,"Este laboratório é dedicado a dar suporte ás atividades de pesquisa realizadas no campus, sendo ele munido de equipamentos para análise química."
18011,Central Analítica da Química de Ribeirão Preto,CAQRP,Universidade de São Paulo,USP,Ribeirão Preto,SP,False,"A CAQRP, Central Analítica da Química de Ribeirão Preto, localizada no Departamento de Química da FFCLRP-USP, é uma Central de apoio à pesquisa, à inovação e à prestação de serviços que congrega equipamentos, oferecendo serviços executados por técnicos especialistas e/ou pelo próprio usuário após treinamento. O objetivo da CAQRP é possibilitar o compartilhamento e a otimização do uso desses equipamentos em serviços de análises de amostras oriundas dos setores público e privado."
24058,Central Analítica da UEFS,CAFS,Universidade Estadual de Feira de Santana,UEFS,Feira de Santana,BA,False,Laboratório multiusuário com equipamentos de análise química
20207,Central Analítica de Cromatografia e Espectrometria de Massas,CENACROESP,Faculdade de Ciências Farmacêuticas de Ribeirão Preto - USP,FCFRP-USP,Ribeirão Preto,SP,False,"A CENACROESP foi uma das primeiras centrais analíticas da USP de Ribeirão Preto e abrange 4 áreas de atuação: a) Laboratório de síntese, que possui reator multipropósito com monitoramento por IV; b) Sistema compartilhado de distribuição de N2 Gasoso e Líquido; c) Facility de criostato e d) CEMMO. A central presta serviço para diversas áreas da química e da farmácia. Nos laboratórios da central já passaram mais de 9 mil usuários, sendo tanto das universidades quanto do setor produtivo."
24006,Central Analítica de Fármacos e Medicamentos,CAFARM,Universidade Estadual da Paraíba,UEPB,Campina Grande,PB,True,"Consiste em uma Central Analítica de Fármacos e Medicamentos vinculada ao Departamento de Farmácia, equipada com técnicas térmicas (Termogravimetria e Calorimetria Exploratória Diferencial com Acessório de Resfriamento), cromatográficas (Cromatógrafo Líquido detector UV) e microscópicas (Microscópio Ótico Digital com recurso 3D). Destina-se, prioritariamente, a cooperar com atividades de pesquisa,  que tematizem com a caracterização físico-química de insumos farmacêuticos e correlatos."
20544,Central Analítica de Produtos Naturais da Amazônia,CAPNA,Universidade Federal do Pará,UFPA,Belém,PA,False,"A Central Analítica de Produtos Naturais da Amazônia (CAPNA) localiza-se no Programa de Pós-Graduação em Química (PPGQ/UFPA) é envolve os laboratórios: Central de Extração, Laboratório de Ressonância Magnética Nuclear – RMN, Laboratório de Cromatografia Líquida - LABCROL e o Laboratório de Bioensaios e Química de Microrganismos – LaBQuiM. 
	A CAPNA é uma unidade com perfil multiusuário e atende a demandas de Pesquisas, Desenvolvimento e Inovação (PD&I) nas áreas de química de produtos naturais,"
15531,Central Analítica de Química da UFF,CAQ-UFF,Universidade Federal Fluminense,UFF,Niterói,RJ,False,"A Central Analítica da Química (CAQ-UFF) tem como objetivo promover o compartilhamento de infraestrutura instrumental de médio e grande portes, permitindo a pesquisadores de várias instituições acesso aos equipamentos necessários ao pleno desenvolvimento de suas pesquisas. Seus equipamentos encontram-se distribuídos por afinidade em Laboratórios Multiusuários de acordo com suas características e especificidades, facilitando assim o acesso aos serviços e infraestrutura."
21208,Central Analítica do Campus Cerro Largo,Central Analítica,Universidade Federal da Fronteira Sul,UFFS,Cerro Largo,RS,False,"A Central Analítica do do Campus Cerro Largo é um centro multiusuário de análise de materiais e substâncias químicas direcionado ao atendimento das atividades de ensino, pesquisa e extensão. Além disso, tem o intuito de formar recursos humanos altamente qualificados. Aplica Cromatografia Líquida , Cromatografia Gasosa e Absorção Atômica para análise de diversas substâncias (agrotóxicos, medicamentos, metabólitos, entre outros) em diferentes matrizes (ambientais, alimentícias, sintéticas)."
154,Central Analítica do Curso de Física da UFJ,CAF,Universidade Federal de Jataí,UFJ,Jataí,GO,False,O  Laboratório de Pesquisa Central Analítica do Curso de Física (CAF) da Universidade Federal de Jataí (UFJ) apresenta caráter multiusuário. Foi criado com a aquisição de equipamentos via fomento do Governo Federal e Estadual.  Este laboratório é dedicado a análises físico- químicas de materiais na forma líquida e sólida. O CAF auxilia discentes e pesquisadores da UFJ bem como de outras instituições de pesquisa da região no desenvolvimento de suas atividades científicas.
702,Central Analítica do Curso de Química.,CAQ,Universidade Federal de Jataí,UFJ,Jataí,GO,True,"A Central Analítica do Curso de Química consiste-se da estrutura que reúne os laboratórios multiusuários que abrigam os equipamentos analíticos alocados no curso de Química da Universidade Federal de Jataí. A Central analítica oferece análises espectroscópicas, eletroquímicas e cromatográficas a usuários internos e externos (à UFJ). São Laboratórios associados a CAQ o Laboratório de Caracterização Ótica e Elétrica (sala22), de Pesquisa (sala30), PN (sala28) e Almoxarifado (sala26)."
18871,Central Analítica do departamento de Engenharia Química,CADEQ,Universidade Federal de Santa Maria,UFSM,Santa Maria,RS,True,"A Central Analítica do Departamento de Engenharia Química (CADEQ) é um setor de análises e experimentos pertencente à subdivisão de Laboratório de Engenharia e Processos Químicos. Os equipamentos e as análises são disponibilizadas para projetos de pesquisa do Programa de Pós-graduação em Engenharia Química, além do atendimento de demandas externas de outras instituições de ensino e empresas, por meio de projeto de prestação de serviços."
14833,Central Analítica do Departamento de Produtos Naturais e Alimentos da Faculdade de Farmácia,CA-DPNA,Universidade Federal do Rio de Janeiro,UFRJ,Rio de Janeiro,RJ,False,"A Central Analítica do Departamento de Produtos Naturais e Alimentos da Faculdade de Farmácia (CA-DPNA/FF) é uma unidade multiusuário que dispõem de equipamentos de cromatografia liquida e  gasosa, acoplados a espectrometria de massas (HPLC/UHPLC; LC-MS; GC-MS, DI-MS). Além disso, a CA-DPNA/FF também realiza prestação de serviço. 
Mais detalhes em nossa pagina web: https://centraldpna.wixsite.com/cadpna"
19408,Central Analítica do Departamento de Química,CADQui,Universidade Federal do Paraná,UFPR,Curitiba,PR,True,A Central Analítica do Departamento de Química é uma estrutura multiusuária em que presta serviços de análises fisico-químicas para o público interno à UFPR e também desenvolve um trabalho extensionista de prestação de serviços para empresas e indústrias.
8343,Central Analítica do Departamento de Química da UFSCar,CA-DQ-UFSCar,Universidade Federal de São Carlos,UFSCAR,SAO CARLOS,SP,False,"Central Analítica do DQ-UFSCar atua através de um projeto de extensão universitária via Fundação de Apoio Institucional - FAI - UFSCar, e visa atender melhor ao mercado e laboratórios de instituições publicas e privadas, primando pelos mais altos padrões de qualidade, regulatórios e, principalmente, contando com um corpo de especialistas e parque de equipamentos de alto nível. Visite nosso website para informações completas sobre nossa atuação e serviços em www.central.dq.ufscar.br"
33089,Central Analítica do Departamento de Solos,CADS,Universidade Federal de Santa Maria,UFSM,Santa Maria,RS,True,"A Central Analítica do Departamento de Solos (CADS-UFSM) tem como objetivo o compartilhamento de equipamentos multiusuários de médio e grande porte à pesquisadores da UFSM e outras instituições. Aliado a isso, a CADS presta serviços em análises à comunidade científica e a empresas públicas ou privadas. A CADS é formada por Laboratórios que reúnem os equipamentos multiusuários de acordo com suas características, especificidades e aplicação."
2510,Central Analítica do dQF,CA-dQF,Universidade Federal de Pernambuco,UFPE,Recife,PE,False,"A Central Analítica é um centro de análise de matérias e substâncias químicas que facilita o desenvolvimento de pesquisas, pós-graduação e formação de recursos humanos no Departamento de Química Fundamental da Universidade Federal de Pernambuco (UFPE). Além de prestar serviços a outras universidades e órgãos, a Central Analítica oferece serviços de análises químicas para empresas sem vínculo acadêmico com a UFPE, disponibilizando à outros estabelecimentos assessoria técnica altamente qualificada"
8507,Central Analítica do IFAM-CMC,Central Analítica,"Instituto Federal de Educação, Ciência e Tecnologia do Amazonas",IFAM,Manaus,AM,False,"A Central Analítica do IFAM-CMC (Instituto Federal de Educação, Ciência e Tecnologia do Amazonas - Campus Manaus Centro) é um centro multiusuário que proporciona a realização de análises no ensino, pesquisa e extensão tecnológica em diversas áreas do conhecimento como química, biologia, meio ambiente, alimentos, materiais, engenharias, veterinária e outras."
4308,Central Analítica do Instituto de Química,CAIQ,Universidade de Brasília,UNB,Brasília,DF,False,A Central Analítica do Instituto de Química da UnB ocupa três laboratórios multiusuários alocados nas dependências do IQ e disponibiliza o acesso a instrumentos analíticos diversos para atendimento à comunidade de professores e pesquisadores do Instituto de Química e de demais unidades da Universidade de Brasília.
146,Central Analítica do Instituto de Química da UFRGS,CAIQ-UFRGS,Universidade Federal do Rio Grande do Sul,UFRGS,Porto Alegre,RS,False,"A Central Analítica do Instituto de Química da UFRGS é um centro multiusuário responsável pela realização de análises químicas, e atende à diversas atividades de ensino, pesquisa e extensão internas e externas à UFRGS. É composta por diferentes unidades com as mais variadas técnicas de caracterização."
8577,Central Analítica do Instituto de Química e Biotecnologia,CA-IQB,Universidade Federal de Alagoas,UFAL,Maceió,AL,False,"A Central Analítica da Universidade Federal de Alagoas é gerenciada pelo Instituto de Química e Biotecnologia (IQB). A Central Analítica (CA-IQB) tem como principal função permitir o uso de equipamentos multiusuários, com uma política de acesso transparente e registro de uso dos mesmos. A CA-IQB possui vários equipamentos de médio e grande porte instalado (multiusuários), as reservas são realizadas por meio de planilhas eletrônicas ou onde o equipamento está instalado (depender do tipo análise)"
17734,Central Analítica do Instituto de Química - UFRN,CAIQ,Universidade Federal do Rio Grande do Norte,UFRN,Natal,RN,False,"O CAIQ é composto por um conjunto de laboratórios com equipamentos básicos ou avançados com tecnologia de ponta, sejam de pequeno, médio ou grande porte. É formado por professores, pesquisadores e técnicos especializados que desenvolvem sistemas para o preparo de amostras e análises físico-químicas de diferentes sistemas químicos ou materiais. Atende às demandas da Graduação, Pós-Graduação do IQ, outras Pós-Graduações da UFRN, e apoia diretamente grupos de pesquisa internos e externos da UFRN."
9414,"Central Analítica do Laboratório de Materiais da UNIFAL-MG, Campus de Poços de Caldas",LABMAT,Universidade Federal de Alfenas,UNIFAL-MG,Poços de Caldas,MG,False,"A central analítica do LABMAT oferece diversas técnicas de caracterização de materiais para dar suporte às atividades de pesquisa e desenvolvimento no Campus de Poços de Caldas relacionadas com os programas de Pós-Graduação em Ciência e Engenharia de Materiais, Engenharia Química, Engenharia Ambiental e Física. Essa infraestrutura financiada pela FINEP, CAPES e FAPEMIG está disponível para uso interno e externo.
Agendamento: https://www.unifal-mg.edu.br/prppg/pesquisa/equipamentos-multiusuarios/"
1867,CENTRAL ANALÍTICA DO LABORATÓRIO DE PESQUISAS EM QUÍMICA DE PRODUTOS NATURAIS E NOVAS METODOLOGIAS SINTÉTICAS EM QUÍMICA ORGÂNICA,CALPQPN,Universidade Federal de Mato Grosso,UFMT,Cuiabá,MT,False,"A CALPQPN é um Laboratório de Pesquisas da Universidade Federal de Mato - UFMT, vinculada ao Departamento de Química/Instituto de Química - IQ, Campus Cuiabá. Possui como membros de seu Grupo/Equipe, pesquisadores que atuam em diversas áreas das Ciências (Ex. Química) e com isso perfazendo uma equipe multidisciplinar e multitemáticas."
13419,Central Analítica do Núcleo de Ciências Exatas,CA-NCEX,Universidade Federal de Alagoas,UFAL,Arapiraca,AL,False,"A central analítica é um laboratório com a finalidade de apoiar atividades de pesquisa científica e tecnológica, de ensino e de inovação em nível de graduação e pós-graduação. Concentrando equipamentos de pequeno e médio porte,  o laboratório é dedicado à análises de caracterização química de cunho espectroscópico e determinações analíticas"
439,Central Analítica do NUPPRAR,CA-NUPPRAR,Universidade Federal do Rio Grande do Norte,UFRN,Natal,RN,False,"O presente laboratório atua em pesquisa, ensino e prestação de serviços em análises físico-químicas de águas, solos, sedimentos, monitoramento da corrosão e incrustação em poços produtores e dutos transportadores de petróleo, resíduos sólidos e efluentes, além de desenvolvimento e análise em biocombustíveis. O laboratório dispõe de excelente estrutura física, equipamentos analíticos modernos e uma equipe de mestres e doutores."
37256,Central Analítica do PPGEQ/UFPR,CAPPGEQ,Universidade Federal do Paraná,UFPR,Curitiba,PR,False,"A Central Analítica do PPGEQ/UFPR nasceu da necessidade de suporte analítico às atividades de pesquisa vinculadas ao Programa de Pós-Graduação em Engenharia Química (PPGEQ/UFPR). O laboratório tem caráter multiusuário pois os equipamentos atualmente instalados e que pretende-se que sejam agregados a infraestrutura atual são de ampla e recorrente utilização em diversas áreas da ciência, de pesquisa e de tecnologia."
15594,Central Analítica do Programa de Pós-graduação em Ciências Farmacêuticas da UFPR,CAPPGCF,Universidade Federal do Paraná,UFPR,Curitiba,PR,True,"A CAPPGCF da UFPR  é destinada à abrigar equipamentos adquiridos pelo FDA da UFPR, CAPES, Finep e Fundação Araucária. Estes são destinados ao uso compartilhado e à melhoria na estrutura de pesquisa científica e tecnológica desenvolvida pelos PPGs da instituição. Objetiva apoiar o desenvolvimento de pesquisas relacionadas às linhas de pesquisa dos PPGs das instituições públicas de ensino superior e de pesquisas brasileiras. Os laboratórios vinculados à esta são LABICEM, BIOPOL e LCDR da UFPR."
13408,Central Analítica do Programa de Pós Graduação em Engenharia química,CAN-PPEQ,Universidade Federal da Bahia,UFBA,Salvador,BA,False,"Central analítica multiusuária PPEQ (UFBAUNIFACS). Os Prof. do PPEQ tem acesso a este laboratorio para uso em seus projetos. Prof.: Ana K. C.L. Lobato, Carlos A. C. Souza, Denilson  J. Assis, George Simonelli, Icaro T. A. Moreira, Jânia B. A. Silva, Kleberson R.  O. Pereira, Leila M.A.Campos, Leonardo S.G. Teixeira,  Luiz A. M. Pontes, Luiz Carlos L. Santos, Luiz M. N. de Góis, Maria  C. R.S. Varela,  Regina F. Vianna, Ronaldo C. Santos, Salvador Ávila Fo., Silvana M. Silva, Soraia T. Brandao."
79,Central Analítica Fernanda Coutinho,CAFC,Universidade do Estado do Rio de Janeiro,UERJ,Rio de Janeiro,RJ,False,"A Central Analítica ocupa uma área de 100 m2 dispondo de equipamentos da alta tecnologia para análise química de compostos orgânicos e inorgânicos. O laboratório não conta com área de pré-preparo de amostras. As análises nos equipamentos multiusuários são realizadas por técnicos efetivos ou bolsistas de apoio técnico, ou dependendo do caso pelo usário devidamente treinado."
8198,Central Analítica I - Campus Erechim,Central Analítica I,Universidade Federal da Fronteira Sul,UFFS,Erechim,RS,True,"A Central Analítica I dos Laboratórios do Campus Erechim é um centro multiusuário de análise de materiais e substâncias químicas direcionado ao atendimento das atividades de ensino, pesquisa e extensão.  Além disso, tem o intuito de formar recursos humanos altamente qualificados em nível de graduação e pós-graduação para atuar em diversas áreas da ciência."
9583,Central Analítica II,CAII,Universidade Federal do Oeste do Pará,UFOPA,Santarém,PA,True,A Central Analítica II da Universidade Federal do Oeste do Pará tem como objetivo promover a formação de recursos humanos qualificados na região oeste do Pará com o desenvolvimento de produtos e serviços com bioativos e bioprodutos.
8658,Central Analítica II e Laboratório de Agroecologia - Campus Erechim,Central Analítica II,Universidade Federal da Fronteira Sul,UFFS,Erechim,RS,True,"A Central Analítica II dos Laboratórios do Campus Erechim é um centro multiusuário de análise de materiais e substâncias químicas direcionado ao atendimento das atividades de ensino, pesquisa e extensão.  Além disso, tem o intuito de formar recursos humanos altamente qualificados em nível de graduação e pós-graduação para atuar em diversas áreas da ciência."
40447,Central Analítica III,Central Analítica 3,Universidade Federal da Fronteira Sul,UFFS,Erechim,RS,False,"A Central Analítica III dos Laboratórios do Campus Erechim é um centro multiusuário de análise de materiais, substâncias químicas e biológicas direcionado ao atendimento das atividades de ensino, pesquisa e extensão.  Além disso, tem o intuito de formar recursos humanos altamente qualificados em nível de graduação e pós-graduação para atuar em diversas áreas da ciência."
23884,Central Analítica Integrada,CAI,Instituto Militar de Engenharia,IME,Rio de Janeiro,RJ,False,"A Central Analítica Integrada (CAI) dispõe de capacidades analíticas de alta resolução para a caracterização de compostos, moléculas e materiais, permitindo a elucidação estrutural e o estudo de propriedades físico-químicas. O espaço opera em regime multiusuário, estando aberto a pesquisadores do IME e de instituições de todo o País."
1319,Central Analítica Multiusuária de Química,CAMQ,Universidade Federal do Maranhão,UFMA,São Luís,MA,False,"A Central Analítica Multiusuária de Química (CAMQ) surgiu da necessidade de qualificar a infraestrutura de pesquisa, com um laboratório com maior nível de sofisticação, automação e produtividade, capaz de atender a fins múltiplos de estudo, com maior sensibilidade analítica e precisão. A CAMQ presta serviços de técnicas analíticas e físico-químicas especializadas à comunidade científica e tecnológica, com confiabilidade e agilidade, onde seu patrimônio é aproximado em 1,5 milhões de reais."
33488,Central Analítica Multiusuário,CAM,Núcleo de Tecnologia e Qualidade Industrial do Ceará,NUTEC,Fortaleza,CE,False,"O CAM é uma unidade especializada que reúne equipamentos, tecnologias e pessoal qualificado para realizar análises químicas, físicas, biológicas e microbiológicas em amostras de diferentes origens, como água, solo, alimentos, efluentes, resíduos sólidos, materiais, entre outros. Seu objetivo principal é fornecer dados precisos e confiáveis para atender às demandas de pesquisa, controle de qualidade, regulamentações ambientais, desenvolvimento industrial e inovação científica."
7595,Central Analítica Multiusuário,CAM,Casa de Nossa Senhora da Paz - ASF,USF,Bragança Paulista,SP,True,"Espaço multiusuário localizado na Universidade São Francisco (Bragança Paulista, SP) que agrega infraestrutura moderna nas áreas da biologia molecular e espectrometria de massas. Dedicamos nossos recursos e conhecimentos para atender às necessidades de pesquisa, desenvolvimento e inovação da comunidade científica acadêmica e em colaboração com empresas privadas."
34358,Central Analítica Multiusuário da FZEA/USP,CAM FZEA/USP,Faculdade de Zootecnia e Engenharia de Alimentos,FZEA,Pirassununga,SP,False,"A Central Analítica Multiusuário, sediada na Faculdade de Zootecnia e Engenharia de Alimentos (FZEA/USP), localizada no Campus Fernando Costa em Pirassununga/SP é uma instalação de apoio à pesquisa que congrega equipamentos e que oferece serviços aos usuários, executados por técnicos especialistas e/ou pelo próprio usuário após treinamento, com o objetivo de otimizar o uso desses equipamentos."
852,Central Analítica Multiusuário da UFRRJ,CAM-UFRRJ,Universidade Federal Rural do Rio de Janeiro,UFRRJ,Seropédica,RJ,True,"A Central Analítica Multiusuários do Programa de Pós-graduação em  Química, é um laboratório multiusuário e interdisciplinar  localizado no Prédio da Química, do Instituto de Química da Universidade Federal Rural do Rio de Janeiro.  Disponibiliza infraestrutura laboratorial e de serviços, conforme suas regras de uso, para grupos de pesquisa da UFRRJ ou de outras instituições brasileiras ou do exterior."
21046,Central Analítica Multiusuário da UTFPR Campo Mourão,CAMulti-CM,Universidade Tecnológica Federal do Paraná,UTFPR,Campo Mourão,PR,True,"O CAMulti-CM tem como política desenvolver as atividades de pesquisa científica e tecnológica no Campus Campo Mourão, realizando análises físico-químicas em matrizes biológicas e não biológicas através técnicas cromatográficas e espectroscópicas, entre outras, e preparo de amostras, bem como auxiliar no desenvolvimento da comunidade interna e externa mediante a prestação de serviços."
9160,Central Analítica Multiusuário de Ciências e Engenharias,CAMCE,Universidade Federal de São Paulo,UNIFESP,Santos,SP,True,"A Central  destina-se a apoiar atividades de pesquisas multidisciplinares que envolvem desde áreas de ciências básica bem como de engenharias. As principais linhas de pesquisas em andamentos são: caracterização e aplicação de materiais catalíticos e adsorventes, materiais funcionais nanoestruturados, poliméricos para aplicações em solução de problemas ambientais, geração de energia, optoeletrônicos e sensores e pesquisas na área da arqueo-geocronologia utilizando Luminescência cristalina."
5660,Central Analítica Multiusuário de Medianeira,CEANMED,Universidade Tecnológica Federal do Paraná,UTFPR,Medianeira,PR,False,"A CEANMED é constituída por estrutura física de laboratório, onde atualmente estão alocados os equipamentos: AAS (chama/forno), HPLC-DAD, GC-MS, UHPLC-DAD-IR-FS, GC-TCD, GC-FID, TGA/DTA, FT-IR com UATR, bomba calorimétrica, reômetro rotativo digital, texturômetro, espectrofotômetro UV-Vis feixe duplo, cromatógrafo de íons, analisador portátil de biogás, conjunto de extrusão, sistema de digestão de amostras por micro-ondas, liofilizador, dentre outros."
1890,Central Analítica Multiusuário - Núcleo de Biotecnologia e Desenvolvimento de Processos Químicos,CAM/NBQ,Universidade Estadual do Oeste do Paraná,UNIOESTE,Toledo,PR,True,"A CAM/NBQ consiste na infraestrutura analítica e instrumental da Unioeste, que reúne 13 equipamentos de alto desempenho para análises espectroscópicas, espectrométricas, cromatográficas, térmicas e morfológicas.  A política de acesso aos equipamentos da CAM a multiusuários cadastrados é definida pelo órgão técnico NBQ, junto ao Programa de Pós-Graduação em Engenharia Química da Unioeste, Campus de Toledo."
1339,Central Analítica Padre Leopoldo Hainberger,CAPLH,Pontifícia Universidade Católica do Rio de Janeiro,PUC-RIO,Rio de Janeiro,RJ,False,"A CAPLH tem acesso a uma infraestrutura moderna, que conta com equipamentos de última geração em diferentes grupos de pesquisas existentes na PUC-Rio, além de contar com seus próprios equipamentos e laboratórios. 
Adotamos um sistema híbrido com equipamentos pertencentes à própria Central Analítica e, laboratórios associados, ou seja, laboratórios ligados aos grupos de pesquisa consolidados existentes na PUC-Rio."
22114,Central Analítica - Pós-Graduação em Química,PGQUIM,Universidade Federal do Ceará,UFC,Fortaleza,CE,True,Central Analítica da Pós-Graduação em Química da Universidade Federal do Ceará
2980,Central Analítica - Química,CA-Quim,Universidade Federal de Pelotas,UFPel,Pelotas,RS,False,"A Central Analítica da UFPel (CA-UFPel) – Módulo Química é um órgão da Universidade Federal de Pelotas, criado com recursos financeiros obtidos junto a Financiadora de Estudos e Projetos (Finep) do Governo Federal. Possui em sua estrutura equipamentos multiusuários, voltados para Projetos de Pesquisa, Desenvolvimento e Inovação (PD&I) e prestação de serviços. Sua gestão e laboratórios visam atender a comunidade Acadêmica e Industrial, bem como outros órgãos públicos e privados."
2961,Central Analítica - UFCSPA,CA - UFCSPA,Fundação Universidade Federal de Ciências da Saúde de Porto Alegre,UFCSPA,Porto Alegre,RS,False,"Laboratório Multiusuário localizado na Universidade Federal de Ciências da Saúde de Porto Alegre. Atende atividades de graduação e pós-graduação, e conta com instrumentos para realização de análises químicas relacionadas a diversas áreas."
710,Central Computacional Multiusuário,CCM,Universidade Federal do ABC,UFABC,Santo André,SP,True,"A CCM atende as demandas de computação de alto desempenho da Universidade Federal do ABC e instituições colaboradoras.
Atualmente ela possui um cluster computacional para atender as demandas de computação científica, com cerca de 400 usuários cadastrados."
991,Central de Análise,CA-MBT,Universidade do Estado do Amazonas,UEA,Manaus,AM,False,"O laboratório Central de Análise, parte do Núcleo de Análise Estrutural da Universidade do Estado do Amazonas, este vinculado aos Programas de Pós-Graduação em Biotecnologia (nível mestrado) e Biodiversidade e Biotecnologia da Rede Bionorte (doutorado) atua possibilitando a diversos usuários análises químicas de cromatografia gasosa acoplada à espectrometria de massas em projetos multidisciplinares, em especial na área de biotecnologia."
18537,"Central de Análise de Fármacos, Medicamentos e Alimentos",CAFMA,Universidade Federal do Vale do São Francisco,UNIVASF,Petrolina,PE,False,"A Central de Análise de Fármacos, Medicamentos e Alimentos (CAFMA) é um centro de análise química de amostras que objetiva o desenvolvimento de pesquisas científicas e tecnológicas na área, formação de recursos humanos em níveis de graduação (iniciação científica e tecnológica), mestrado e doutorado, bem como, na realização de atividades extensionistas da Universidade Federal do Vale do São Francisco (UNIVASF)."
2457,Central de Análises,CA,Universidade Tecnológica Federal do Paraná,UTFPR,Pato Branco,PR,False,"O laboratório Multiusuário Central de Análises atua desde 2010 ofertando análises químicas a partir de técnicas analíticas instrumentais e vem, ao longo dos anos, ampliando seu escopo de análises. Possui como objetivo prestar serviços de análises cromatográficas, espectroscópicas, de análise térmica e microscopia eletrônica de varredura para Universidades e comunidade externa (pessoa física e jurídica), com foco na qualidade e confiabilidade dos resultados."
8965,CENTRAL DE ANÁLISES AVANÇADAS DE MATERIAIS,CAM,Universidade Estadual de Maringá,UEM,Maringá,PR,True,"A Central de Análises Avançadas de Materiais é uma central multiusuários pertencente ao Complexo de Centrais de Apoio à Pesquisa - COMCAP. A central tem por objetivo prover infraestrutura para realização de análises estruturais, térmicas, magnéticas, espectroscópicas  e mecânicas de novos materiais. A central tem por objetivo atender toda a comunidade interna da universidade (pesquisadores, docentes, discentes e técnicos), bem como atender toda a comunidade externa."
39658,Central de Análises de Produtos Farmacêuticos,CAPF,Universidade Federal de Santa Maria,UFSM,Santa Maria,RS,True,Central de Análises de Produtos Farmacêuticos é uma central analítica localizada no Departamento de Farmácia Industrial da Universidade Federal de Santa Maria (DFI-UFSM). Os equipamentos e as análises são disponibilizadas para projetos de pesquisa do Programa de Pós-graduação em Ciências Farmacêuticas e para outros pesquisadores da UFSM.
12601,Central de analises dos Cursos de Química,Labinstrumental,Universidade de Santa Cruz do Sul,UNISC,Santa Cruz do Sul,RS,True,"Neste laboratório realizamos analises de amostras ambientais, alimentos, materiais, biocombustíveis, óleos essenciais e outros. Realizamos analises relacionadas a métodos cromatográficos e espectroscópicos. É ligado à graduação, mas também atende com excelência à pós-graduação e a projetos de pesquisa e inovação. Seus serviços são divulgados pelo CEPPOB do TecnoUnisc."
7885,Central de Análises e Prospecção Química,CAPQ,Universidade Federal de Lavras,UFLA,Lavras,MG,False,A Central de Análise e Prospecção Química – CAPQ (http://prp.ufla.br/labs/capq/) que está localizada DQI. A CAPQ foi criada em 2004 por mio de apoio da FINEP. É um laboratório multiusuário vinculado ao ICN e PRP Ufla. Possui equipamentos que auxiliam no desenvolvimento de pesquisas na Ufla e outras Instituições de Ensino e Pesquisa.
7800,Central de Análises-EQA-CTC-UFSC,CA-EQA,Universidade Federal de Santa Catarina,UFSC,Florianópolis,SC,False,A Central de Análises do EQA/UFSC foi criada em 2004 com a finalidade de apoiar o desenvolvimento de pesquisas relacionadas às atividades dos programas de Pós-Graduação em Engenharia Química e Engenharia de Alimentos e prestar serviços a instituições públicas e empresas privadas.
9142,Central de Análises Multiusuário,CAM,Universidade da Integração Internacional da Lusofonia Afro-Brasileira,UNILAB,Redenção,CE,False,"A Central de Análises Multiusuário (CAM)  tem por premissa disponibilizar equipamentos de alto custo e de caráter multiusuário, bem como técnicos qualificados para a sua operação, em atividades de pesquisa de iniciação científica, pós-graduação, ensino e extensão universitária além de prestar serviços à comunidade externa a UNILAB, nas esferas pública e privada"
566,Central de Análises Multiusuário,CAM,Universidade Federal de Goiás,UFG,Goiânia,GO,True,"A CAM é um laboratório equipado com instrumentos analíticos para apoiar e promover a realização de atividades de pesquisa científica, tecnológica e de inovação na academia, no governo ou na indústria."
2742,Central de Análises Químicas do Instituto de Biotecnologia,CAIB,Universidade de Caxias do Sul,UCS,caxias do sul,RS,True,"Este laboratório tem como foco pesquisa e desenvolvimento em Produtos Naturais (extratos, oleos, fracionamento e isolamento de compostos), síntese e semi-sintese de moléculas de interesse, bem como no desenvolvimento de métodos analíticos para identificação de metabolitos secundários em plantas, resíduos de aditivos em alimentos, poluentes organicos persistentes, entre outros métodos."
2744,Central de Análises Químicas Instrumentais,CAQI,Instituto de Química de São Carlos - USP,IQSC/USP,São Carlos,SP,False,"A CAQI é um centro de referência em Análises Químicas. Atualmente, possui um complexo com diversos equipamentos operados por uma equipe altamente capacitada incluindo químicos doutores e mestres, engenheiros, físicos e outros profissionais."
1146,Central de Análises Químicas QAT,CAQQAT,Universidade do Estado do Amazonas,UEA,Manaus,AM,False,"A Central de Análises Químicas do grupo de pesquisa Química Aplicada à Tecnologia - CAQQAT disponibiliza várias técnicas analíticas para todos os grupos de pesquisada UEA, bem como para todas as instituições de ensino e pesquisa do Estado do Amazonas. As parcerias internacionais são feitas com a Universidade de Harvard, Universidade da Carolina do Norte, Universidade da Califórnia (campus Irvine), bem como com o Instituto Max Planck."
35558,Central de Aquisição de Imagens e Microscopia do IB-USP,CAIMi,Universidade de São Paulo,USP,São Paulo,SP,False,Central Multiusuário de Microscopia do Instituto de Biociências da Universidade de São Paulo
20042,Central de Biologia Molecular e Estrutural,CBM,Universidade Estadual de Maringá,UEM,Maringá,PR,False,"A CBM possui uma estrutura de apoio a pesquisa e desenvolvimento na área de Biologia Molecular e estrutural, contando com equipamentos de caráter multiusuário os quais foram adquiridos com recursos públicos e estão disponíveis para utilização da comunidade em geral mediante agendamento."
21571,Central de Bioprospecção de Produtos da Amazônia Legal,CBPA,Universidade Federal do Tocantins,UFT,Palmas,TO,True,"A CBPA visa a realização de análises e serviços para o desenvolvimento de produtos da Amazônia Legal. E formada pelos laboratórios de Cinética e Modelagem de Processos-LACIMP, Instrumentação Científica-LABIC-, Microbiologia de Alimentos-LMA, Análise Sensorial-LAS, Análise de Alimentos e Produtos-LABAP, Ensino e Pesquisa em Produtos Naturais e Biomassa-LAPNABIO e  Tecnologias Computacionais-LABTEC, da UFT; e  de outras instituições, tais como o  LAMPBIO e LABIOTEC (UFPA), LQAIA (UFRR) e CBA."
32757,Central de Ciências Ômicas,CCO,Universidade Federal do Ceará,UFC,Fortaleza,CE,True,"A Central de Ciências Ômicas é um laboratório multidisciplinar especializado em técnicas avançadas para o estudo de diferentes níveis de informações biológicas, englobando áreas como genômica, transcriptômica, proteômica e metabolômica. Seu principal objetivo é fornecer suporte tecnológico e científico para a realização de pesquisas que envolvem o estudo de biomoléculas, com foco em áreas como biologia molecular, bioquímica, biotecnologia e medicina personalizada."
36964,Central de Coleções Microbiológicas,CCM/UEA,Universidade do Estado do Amazonas,UEA,Manaus,AM,False,A Central de Coleções Microbiológicas da Universidade do Estado do Amazonas (CCM/UEA) possui um acervo de cerca de 1.500 fungos filamentosos e 500 bactérias isoladas de diferentes ambientes da região Amazônica.
391,Central de Criogenia,Criogenia,Universidade Federal do Rio Grande do Sul,UFRGS,Porto Alegre,RS,False,"A central de criogenia é um laboratório técnico cujo objetivos é a produção de Nitrogênio e Hélio para amplo fornecimento para os institutos e laboratórios da UFRGS. Alem de fornecer estes insumos, o laboratório também trabalha com o desenvolvimento de tecnologias de criogenia e instrumentação física de baixas temperaturas."
213,Central de Cromatografia,CentralCrom,Universidade Federal de Santa Catarina,UFSC,Florianópolis,SC,False,"Laboratório multiusuário com a finalidade de disponibilizar técnicas cromatográficas, visando isolamento, identificação e quantificação de moléculas orgânicas."
18062,Central de Cromatografia Ambiental e do Petróleo,CECAMP,Universidade Federal do Ceará,UFC,Fortaleza,CE,True,"A CECAMP tem como objetivo auxiliar nos horizontes de estudos ambientais e de Geoquímica do Petróleo, dos quais se destacam, o status core de poluição e contaminação de várias classes químicas como: poluentes orgânicos persistentes, contaminantes clássicos e os contaminantes emergentes, nas mais diversas matrizes ambientais (sedimento, água e atmosfera), biológicas (tecidos, fluidos biliares e sanguíneos) e óleos crus ou processados."
18760,Central de Equipamentos e Serviços Multiusuários da FMRP/USP,CESM - FMRP/USP,Faculdade de Medicina de Ribeirão Preto,FMRP,Ribeirão Preto,SP,False,"A Central de Equipamentos e Serviços de Multiusuários da Faculdade de Medicina de Ribeirão Preto da USP dispõe de equipamentos e serviços em diversos segmentos que incluem Imagens e Microscópios, Citômetros de Fluxo, Química de Proteínas, Extração, Sequenciamento e Amplificação de DNA, entre outros.

Nossa missão é prover apoio tecnológico a pesquisadores em atividades na academia e no setor privado, que precisem usar equipamentos e serviços para executar seus projetos de pesquisa."
8495,CENTRAL DE EQUIPAMENTOS MULTIUSUÁRIOS da UESC - Instituto de Pesquisa e Análises Físico-Químicas,CEM,Universidade Estadual de Santa Cruz,UESC,Ilhéus,BA,True,"A Central  de Equipamentos Multiusuários  é um centro multiusuário de análises químicas e físicas, e tem como missão: I. Disponibilizar a infraestrutura analítica e o apoio técnico necessário às atividades de pesquisa, inovação, extensão e prestação de serviços com padrão de qualidade e excelência, agilidade e economia de recursos; II. Desenvolver pesquisa e promover o desenvolvimento tecnológico nas áreas de sua competência técnico-científica ou áreas afins."
828,Central de Equipamentos Multiusuários da UNIFESP Diadema,CEMUD,Universidade Federal de São Paulo,UNIFESP,Diadema,SP,False,Trata-se de um laboratório de pesquisa que possui equipamentos multiusuário
19761,Central de Equipamentos Multiusuários de Análises Biológicas e Químicas do Instituto de Biologia da UFF,(CEM-IBUFF),Universidade Federal Fluminense,UFF,Niterói,RJ,False,"A Central de Equipamentos Multiusuários de Análises Biológicas e Químicas do IB-UFF tem o objetivo de integrar numa plataforma única uma gama de equipamentos e serviços em diversos segmentos, que incluem microscópios, citometria de fluxo, análises de macromoléculas, biologia molecular, dentre outros. A missão principal é fornecer apoio tecnológico que atenda às demandas dos pesquisadores da UFF (e externos) em atividades na academia e nas empresas, de modo a facilitar o avanço das pesquisas."
318,Central de Espectrometria de Massas de Micromoléculas Orgânicas,CEMMO,Universidade de São Paulo,USP,Ribeirão Preto,SP,False,"A central presta serviço para grande área de química tanto de compostos orgânicos e inorgânicos, para bioquímica na análise de vias do metabolismo e para ecologia química. Nos laboratórios da central já passaram mais de 5 mil usuários e artigos para periódicos como PNAS, Science Advances, Nature Biotechnology, Nature Chemistry Reviews, Nature Ecology and Evolution entre outros com índice de impactos acima de 10, os dados tem sido obtidos com êxito em nossa central."
7365,CENTRAL DE ESTUDOS SOBRE MUDANÇAS GLOBAIS,CMG,Universidade Estadual de Maringá,UEM,Maringá,PR,True,As atividades da CMG têm sido relacionadas aos trabalhos de monitoramento de dados atmosféricos; implementação de bibliotecas espectrais e estudos quimiométricos de solos e plantas; estudos de desenvolvimento de culturas em diferentes condições de radiação solar e efeitos desta radiação sobre sistemas bióticos e abióticos.
1956,Central de Genômica e Bioinformática,CeGenBio,Universidade Federal do Ceará,UFC,Fortaleza,CE,False,"A Central de Genômica e Bioinformática (CeGenBio) tem como missão proporcionar infraestrutura e serviços de sequenciamento massivo de DNA e RNA e análises de bioinformática, com o objetivo de viabilizar, aprimorar e promover pesquisas científicas e tecnológicas na UFC e outras instituições de pesquisa, com inserção em atividades de ensino em nível de graduação e pós-graduação, extensão, prestação de serviços e desenvolvimento com o setor produtivo."
17685,CENTRAL DE GERENCIAMENTO DE RESÍDUOS QUÍMICOS - Multiusuário,CGRQ-M,Faculdade de Ciências Farmacêuticas de Ribeirão Preto - USP,FCFRP-USP,Ribeirão Preto,SP,False,"A CGRQ-Multiusuário da Faculdade de Ciências Farmacêuticas de Ribeirão Preto é um setor técnico especializado no tratamento de resíduos químicos e radioativos gerados em laboratórios de ensino e pesquisa de universidades, hospitais, serviços de saúde, industrias em geral e do agronegócio, órgãos fiscalizadores e similares. Oferece suporte às atividades acadêmicas e de pesquisa de abrangência nacional e internacional."
5232,Central de Laboratórios Inovadores Aplicados à Sustentabilidade,CLIMAS,Universidade Estadual Paulista Júlio de Mesquita Filho,UNESP,Presidente Prudente,SP,False,"Laboratórios de pesquisa dedicados ao desenvolvimento de materiais sustentáveis e tecnologias inovadoras, unindo as áreas de Física, Química e Ciência dos Materiais., lotados na Faculdade de Ciências e Tecnologia da UNESP de Presidente Prudente, especificamente, no DF e no DQB. Possui infraestrutura para a síntese, caracterização e aplicação de materiais funcionais, apoiando pesquisas acadêmicas e colaborando com o setor produtivo na busca por soluções tecnológicas de baixo impacto ambiental"
2124,Central de Laboratórios Multiusuários ,CLM,Universidade do Vale da Paraíba,UNIVAP,São José dos Campos,SP,False,"A Central Analítica Multiusuário, do Instituto de Pesquisa e Desenvolvimento da Univap, foi criada para racionalizar o uso de recursos, evitando a duplicação de equipamentos. Proporciona conhecimento aos usuários de diversas áreas, com infraestrutura em técnicas analíticas. Tem o objetivo de viabilizar, aprimorar e promover pesquisas científicas e tecnológicas na Univap. O moderno modelo de multiuso, como preconiza sua criação, foi concebido com a participação de  FINEP, FAPESP e CAPES."
7853,Central de Microscopia,CMI,Universidade Estadual de Maringá,UEM,Maringá,PR,True,"A Central de Microscopia é uma central multiusuários pertencente ao Complexo de Centrais de Apoio à Pesquisa - COMCAP. A central tem por objetivo prover infraestrutura para realização de caracterização microscópicas por meio de inúmeros microscópios eletrônicos e ópticos. A central tem por objetivo atender toda a comunidade interna da universidade (pesquisadores, docentes, discentes e técnicos), bem como atender toda a comunidade externa."
23967,Central de Microscopia e Análise de Biomoléculas,CMAB,Universidade Federal da Bahia,UFBA,Salvador,BA,False,"Laboratório 100% multiusuário com o microscópio confocal ZEISS Axio 800 adquirido pela UFBA em edital FINEP. A linha de pesquisa deste laboratório é realizar análises microscópicas de tecidos, células e moléculas em material biológico."
38884,Central de Microscopia Eletrônica UFPR-Setor Palotina,MEVSP,Universidade Federal do Paraná,UFPR,Palotina,PR,False,"A Central de Microscopia Eletrônica conta com um Microscópio Eletronico de Varredura de alta potência que pode gerar imagens em escalas superiores a cem mil vezes, além de gerar análises qualitativas, quantitativas e mapeamento de elementos quimicos presentes na amostra, através de um acessório de Espectroscopia de raios X por energia dispersiva (EDS) acoplado ao mesmo."
4166,Central de Microscopia ICB,CM-ICB,Universidade de São Paulo,USP,São Paulo,SP,False,"A Central de Microscopia possui os seguintes equipamentos
1) Microscópio Eletrônico de Transmissão Tecnai FEI G20, com capacidade tomográfica.   MET de 200 Kv, possuindo capacidade de tomográfica,  que permite aquisições de -70 a +70 graus, em incrementos de 1 grau, com posterior retroprojeção e reconstrução 3D de organelas.
2) Microscópio Eletrônico de Transmissão Jeol 1010, 80 Kv.  
3) Sistema ZEISS para microscopia por Time-Lapse e seccionamento óptico por iluminação estruturada."
29459,Central de Pesquisas Aplicadas em Energia Elétrica,CePA2E,Associação do Laboratório de Sistemas Integráveis Tecnológico - LSI-TEC,LSI-TEC,São Paulo,SP,False,"Laboratório de pesquisa em energias renováveis especializado na medição do potencial energético solar, testes para avaliação de características e desempenho de novas tecnologias fotovoltaicas e aplicações para monitoramento e controle em sistemas de geração distribuída."
6058,CENTRAL DE PROCESSAMENTO E ANALISE HISTOLÓGICA,CEPAH,Universidade Federal do Maranhão,UFMA,São Luís,MA,False,"O CEPAH é um laboratório que realiza o processamento, preparo e análises histológicas dos mais variados tecidos animais."
24171,Central de Produtos Naturais e Sintéticos,CPN,Universidade Estadual de Maringá,UEM,Maringá,PR,True,Esta central multiusuários faz parte do Complexo de Centrais de Apoio à Pesquisa da UEM (Comcap/UEM).
37128,Central de Prototipagem,CEPROT,Universidade Estadual de Ponta Grossa,UEPG,PONTA GROSSA,PR,False,"A Central de Prototipagem (CEPROT) foi criada com recursos da Finep, por meio da Chamada Pública MCTI/FINEP/FNDCT/CT-VERDE-AMARELO, no valor de R$ 1.988.570,27. Conta com sistemas de impressão 3D (DLP, FDM e fusão seletiva a laser em metais), usinagem CNC, scanner 3D, corte a laser e softwares de simulação. Seu objetivo é apoiar a inovação tecnológica no setor acadêmico, bem como em startups, micro, pequenas, médias e grandes empresas no desenvolvimento de produtos e processos."
2552,Central de Supercomputação do Centro de Ciências Matemáticas Aplicadas à Indústria,CS/CeMEAI,Universidade de São Paulo,USP,São Carlos,SP,False,"A Central de Supercomputação do CeMEAI é uma infraestrutura de pesquisa vinculada ao Centro de Ciências Matemáticas Aplicadas à Indústria, o CeMEAI, sediado do Instituto de Ciências Matemáticas e de Computação da USP. O objetivo do CeMEAI é promover a interação entre academia e setor produtivo, e a Central de Supercomputação oferece acesso a equipamento multiusuário para processamento de alto desempenho (HPC) para o desenvolvimento de pesquisas aplicadas."
974,Central Experimental Multiusuário da UFABC,CEM-UFABC,Universidade Federal do ABC,UFABC,Santo André,SP,False,"A CEM-UFABC é um laboratório aberto de pesquisa avançada com mais que 40 equipamentos de médio e grande porte dedicados à realização de experimentos nas áreas de Física, Química, Biologia e Engenharias. A estrutura é adequada para a caracterização de sistemas moleculares, materiais avançados e sistemas biológicos, empregando as mais sofisticadas técnicas experimentais disponíveis atualmente."
1728,Central Laboratorial de Análise Instrumental Multiusuários e de Serviço,CLAIMS,Fundação Universidade Regional de Blumenau,FURB,Blumenau,SC,False,"A CLAIMS, vinculada ao Departamento de Química - DQ, da FURB, iniciou os seus trabalhos no ano de 2015, com a instalação de diversos instrumentos espectrométricos, cromatográficos e espectroscópicos. As atividades de análise estão orientadas para atender as demandas da comunidade acadêmica, do setor privado industrial e de serviços. Atualmente a CLAIMS é constituída por 4 laboratórios, um deles focado no setor têxtil. A gestão é do DQ, subordinada às políticas institucionais."
24325,Central Multiusuária citohistopatologica,CMCH,Universidade Federal do Maranhão,UFMA,São Luís,MA,True,"A Central Multiusuária Cito Histopatológica do Centro de Ciências Biológicas e Saúde (CMCH-CCBS) é uma unidade composta de equipamentos multiusuários pertencente ao
Centro de Ciências Biológicas e da Saúde da Universidade Federal do Maranhão. A CMCH-CCBS tem como objetivo disponibilizar acesso a equipamentos e métodos para incremento da pesquisa cientifica e tecnologica, bem como para a prestaçao de serviços. Os agendamentos e demais informações podem ser encontradas no site   www.cmch.ufma.br"
43751,Central Multiusuária de Análise de Materiais,CMAM,Universidade Federal de Mato Grosso do Sul,UFMS,Campo Grande,MS,False,"A Central Multiusuária de Análise de Materiais (CMAM) é uma infraestrutura avançada dedicada à caracterização físico-química e estrutural de materiais, atendendo a demandas de ensino, pesquisa e inovação. Vinculada ao Instituto de Física da UFMS, a CMAM reúne um conjunto abrangente de técnicas analíticas — incluindo espectroscopias, microscopia eletrônica, difração de raios X e análises térmicas — operadas sob um modelo de acesso multiusuário. Sua estrutura é organizada com base em princípios de"
9167,Central Multiusuária de Análise e Caracterização Químico-Biológica,CM-ACQuimBio,Universidade Estadual da Paraíba,UEPB,João Pessoa,PB,True,"A Central Multiusuária de Análise e Caracterização Químico-Biológica da UEPB é uma estrutura multiusuária que disponibiliza várias técnicas analíticas para atender as demandas de uso por parte de pesquisadores da UEPB, e de todas as instituições de ensino e pesquisa do Estado do Paraíba, e do país, órgãos e empresas de economia mista vinculadas ao Governo do Estado da Paraíba e da iniciativa privada."
17646,Central Multiusuária do Centro de Biociências,CMCB,Universidade Federal do Rio Grande do Norte,UFRN,Natal,RN,True,"Um dos objetivos institucionais da CMCB é elevar a qualidade acadêmica em busca da excelência no âmbito do ensino, da pesquisa, da extensão, da inovação e da gestão. Adicionalmente, o crescimento considerável da pesquisa institucional, e a necessidade de uma resposta rápida aos desafios impostos pela pandemia, apontaram para a necessidade de infraestruturas multiusuárias de pesquisa. A CMCB conta com equipamentos de alta complexidade para responder a crescente pressão sobre o sistema de saúde."
18131,Central Multiusuária do Núcleo de Pesquisas em Ciências Biológicas,CEM-NUPEB,Universidade Federal de Ouro Preto,UFOP,Ouro Preto,MG,True,"A CENTRAL MULTIUSUÁRIA DO NUPEB (CEM) é uma estrutura física formada pela reunião de laboratórios multiusuários (LMUs), geridos em conformidade com a Resolução CUNI Nº 2.394, listados abaixo:
I. LMU de Citometria de Fluxo
II. LMU de Microscopia Avançada e Microanálise
III. LMU de Proteômica e Biomoléculas
IV. LMU de Bioinformática
V. LMU de Genômica
VI. LMU de Diagnósticos Avançados
Os equipamentos  estão listados na PNIPE em seus respectivos LMUs.
Link Tec. responsáveis: https://nupeb.ufop.br"
35970,Central Multiusuária do Setor de Ciências Biológicas e da Saúde,LABMU-CiBioS,Universidade Estadual de Ponta Grossa,UEPG,Ponta Grossa,PR,False,"O LABMU-CibioS oferece suporte a docentes e discentes da graduação e pós-graduação, promovendo inovação e desenvolvimento nas áreas das Ciências Biológicas e da Saúde. O complexo abriga equipamentos multiusuários de diferentes portes, adquiridos por meio de chamadas públicas, permitindo o compartilhamento e o acesso a tecnologias de ponta. LABMU-CibioS apresenta um ambiente colaborativo e inovador, fundamental para o avanço científico da instituição."
4800,Central Multiusuária Geral – Complexo de Laboratórios e Administrativo,C-LABMU Central,Universidade Estadual de Ponta Grossa,UEPG,Ponta Grossa,PR,False,"A Central Multiusuária Geral da UEPG – Complexo de Laboratórios e Administrativo, está diretamente ligado a Pró-Reitoria de Pesquisa e Pós-Graduação (PROPESP), com Comissão de Usuários ligada aos Programas de Pós-Graduação ""Stricto Sensu"" e sob a coordenação de um pesquisador. O local tem ampla estrutura de pessoal especializado e equipamentos de médio e grande portes para otimizar as atividades pesquisa, inovação e prestação de serviços."
18022,"Central Multiusuário Análises Ambientais, Químicas e Bioprocessos",AQuABio,Universidade de São Paulo,USP,São Paulo,SP,False,"Central Multisuário foi idealizada com a finalidade de copartilhar os equipamentos à diferentes ICTs, empresas públicas e privadas. A CM AQuaBio é localizada no Centro Multidisciplinar - USP, Zona Leste de São Paulo, região altamente industrializada e urbanizada. A CM dá suporte ao desenvolvimento da pesquisa e inovação para diferentes seguimentos da sociedade, contribuindo com o avanço do conhecimento tecnico-científico, formação de recursos humanos qualificados, e geração de valor à sociedade."
19673,Central Multiusuário da Área de Polímeros,CEMAPol,Universidade de São Paulo,USP,São Carlos,SP,True,"A Central Multiusuários da Área de Polímeros do Departamento de Engenharia de Materiais (SMM), da Escola de Engenharia de São Carlos, foi criada em 2021 para atender pesquisadores, criadores de políticas de pesquisa, agências de fomento, instituições, indústria e outros usuários que necessitam de serviços de caracterização e análise de falhas em materiais e produtos poliméricos. Pesquisadores podem utilizar os serviços prestados pela Central e conhecer nosso parque de equipamentos."
2806,Central Multiusuário da Física,LaMPDF,Universidade Federal de Pernambuco,UFPE,RECIFE,PE,False,"Entre outros serviços, fazemos caracterização por difração de raios X de pós e filmes, microscopia eletrônica de varredura. Contamos com técnica como FIB e litografia por feixe de elétrons.  Alem disso oferecemos serviço de criogenia com fornecimento de nitrogênio liquido e hélio liquido. Maiores detalhes podem ser encontrados em https://sites.ufpe.br/centralfisica/"
1360,Central Multiusuário da Pós-Graduação em Engenharia dos Materiais,CMPPGEM,Instituto Federal do Piauí,IFPI,Teresina,PI,False,"A Central Multiusuário da Pós-Graduação em Engenharia dos Materiais  conta com uma estrutura física composta pelo Laboratório de Difração de raios X (LabDRX), Laboratório de Ensaios Mecânicos (LabMEC), Laboratório de Química (LabQUIM), Laboratório de Caracterização Microestrutural (LabMicro), Laboratório de Análises Térmica e Oxidação em Altas Temperaturas e o Laboratório de Preparação Metalográfica e Materiais Cerâmicos."
41033,Central Multiusuário de Análise Química e Ecotoxicologia,CMAQE,Universidade Federal do Maranhão,UFMA,São Luís,MA,False,"O Laboratório da Central Multiusuário de Análise Química e Ecotoxicologia funciona desde 2010 e realiza análises de diversos contaminantes ambientais, potencialmente tóxicos para organismos vivos. Está vinculado ao Núcleo de Catálise, Combustíveis e Ambiental e atende aos estudos realizados por pesquisadores dos programas de pós-graduação da Química, Oceanografia, Biodiversidade e Conservação, Energia e Ambiente, além de realizar análises para empresas públicas e privadas do estado"
1229,Central Multiusuário de Análises de Materiais,CeMAM,Universidade Federal do Maranhão,UFMA,Imperatriz,MA,False,"A CeMAM está localizada na Unidade de Preparação e Caracterização de Materiais do PPGCM   em Imperatriz. A sua missão de proporcionar aos usuários de várias áreas do conhecimento uma infraestrutura em técnicas experimentais de Difração de Raios-X (DRX), DSC, TG/DTA, Espectrometria Raman, UV-Vis-NIR, FTIR. PPMS  e com o objetivo de apoiar e aprimorar pesquisas científicas e tecnológicas na UFMA e em outras instituições de pesquisa e ensino da região Tocantina e do Maranhão ."
27952,Central Multiusuário de Biodiversidade e Conservação,CMBC/ProPes,Universidade Federal do ABC,UFABC,São Bernardo do Campo,SP,False,"A Central Multiusuário de Biodiversidade e Conservação (CMBC/ProPes), mais recente unidade multiusuária criada em Nov/2021, com a missão de possibilitar o desenvolvimento de projetos de pesquisa focados na geração de conhecimento sobre a biodiversidade brasileira e em soluções ambientais para a crise global da biodiversidade. A CMBC conta com 3 laboratórios de utilização multiusuária: a Casa de Vegetação; o Herbário Sinningia; Laboratório para o preparo, quantificação e preservação de amostras."
11162,Central Multiusuário de Biologia Molecular e Bioinformática de Pirassununga,BioPira,Universidade de São Paulo,USP,PIRASSUNUNGA,SP,True,"A Central Multiusuário de Biologia Molecular e Bioinformática de Pirassununga (BioPira) foi criada para congregar os equipamentos multiusuários de biologia molecular e bioinformática de três laboratórios a saber: Laboratório de Oncologia Comparada e Translacional (LOCT-USP), Grupo de Melhoramento Animal e Biotecnologia (GMAB) e Laboratório de Estudos Avançados em Ciência da Carne (LEACC). Seu objetivo é disponibilizar o acesso a um número maior de pesquisadores interessados em aplicações que dem"
2375,Central Multiusuário de Bioquímica e Análise Instrumental ,CBAI,Universidade de São Paulo,USP,Piracicaba,SP,False,"A Central Multiusuário de Bioquímica e Análise Instrumental (CBAI) foi criada em 2015. Tem como objetivo proporcionar suporte técnico especializado e de infraestrutura para a realização de análises cromatográficas (HPLC-UV-FL-IR,CG-FID e CG-MS), avaliar a atividade antioxidante (ROS e RNS, por exemplo) erealizar ensaios de bioacessibilidade e biodisponibilidade de alimentos e produtos naturais. Atende usuários acadêmicos, empresas e organizações e centros de pesquisa privados."
267,Central Multiusuário de Caracterização de Materiais para Biossistemas,MultMatBio,Universidade de São Paulo,USP,Pirassununga,SP,False,"A Central Multiusuário de Caracterização de Materiais para Biossistemas (MultMatBio), vinculada ao Departamento de Engenharia de Biossistemas da USP/FZEA, tem por objetivo dar suporte à caracterização de materiais cerâmicos e metálicos, polímeros e compósitos."
46763,Central Multiusuário de Ciência Animal,Multizaz,Faculdade de Zootecnia e Engenharia de Alimentos,FZEA,Pirassunung,SP,False,"A Central Multiusuário de Ciência Animal (MultiZAZ) do Departamento de Zootecnia da FZEA/USP é uma instalação de apoio ao ensino, pesquisa e extensão que reúne os mais diversos equipamentos e tem como objetivo oferecer serviços aos usuários internos e externos ao Departamento de Zootecnia, executados pelo próprio usuário após treinamento ou por técnicos especializados. A central tem em seu escopo análises de interesse a produção animal e agrícola, contemplando desde o preparo das amostras até a"
768,Central Multiusuário de Energia e Ambiente ,CMEA,Universidade Federal do Maranhão,UFMA,São Luís,MA,False,"A CMEA é um laboratório multiusuário localizada no Prédio de Pós-Graduação do CCET – Unidade I. Esta foi inaugurada em meados de 2013 com o intuito de viabilizar a realização de projetos de pesquisa vinculados tanto ao Programa de Pós-Graduação em Energia e Ambiente, quanto aos demais Programas de Pós-Graduação da UFMA e/ou IES locais. Para tanto, a CMEA vem trabalhando com diferentes técnicas analíticas, principalmente no tocante a caracterização química de materiais sólidos e líquidos."
23375,Central Multiusuário de Espectrometria de Massas de Razão Isotópica,CM-IRMS CENA/USP,Universidade de São Paulo,USP,Piracicaba,SP,True,"A Central Multiusuário de Espectrometria de Massas de Razão Isotópica (CM-IRMS) do CENA atende a outros laboratórios da USP, instituições públicas do Brasil e exterior, além de empresas do setor privado quanto a determinações elementares de C e N e seus isótopos estáveis (13C e 15N) em uma diversidade de matrizes, com destaque para amostras de planta, solo, sedimento e alimento. A CM-IRMS conta com três espectrômetros de massa de razão isotópica acoplados à analisadores elementares de C e N."
7480,Central Multiusuário de Imagens Pré-Clínicas FCF-IPEN - MicroPET,MicroPET,Universidade de São Paulo,USP,São Paulo,SP,False,"Central Multiusuários em aitividade desde 2013, 2 equipamentos, destinados a obtenção de imagens de animais experimentais in vivo em diferentes modalidades de imagens, possibilitando estudos longitudinais, com avaliação do mesmo animal em diferentes tempos e, conseqüentemente, redução no número de animais utilizados."
3686,Central Multiusuário de Pesquisa em Materiais e Biossistemas,CeMatBio,Universidade Federal do Maranhão,UFMA,São Luís,MA,False,"A CeMatBio está localizada na Unidade I dos prédios das Pós-graduações do CCET/UFMA. A sua missão é apoiar e aprimorar as pesquisas científicas e tecnológicas na UFMA e em outras instituições de pesquisa/ensino e interagir com o setor produtivo através de prestações de serviços e parcerias científicas/tecnológicas. A CeMatBio disponibiliza uma infraestrutura experimental em técnicas de caracterização estrutural, química, vibracional, morfológica e térmica."
29457,Central Multiusuário de Processamento de Alto Desempenho e Inteligência Artificial,HPC-IA,Associação do Laboratório de Sistemas Integráveis Tecnológico - LSI-TEC,LSI-TEC,São Paulo,SP,False,"Laboratório dedicado ao desenvolvimento de pesquisas e tecnologias na área de processamento de alto desempenho voltado para aplicações envolvendo processamento de imagem e sinais, detecção e classificação utilizando redes neurais profundas, aplicações de IA nas áreas de automação e controle, aplicações de IA em processamento de linguagem natural, aplicações de IA na área da Saúde Pública"
34572,Central Multiusuário em Biologia Celular,CMBC,Faculdade de Zootecnia e Engenharia de Alimentos,FZEA,Pirassununga,SP,False,"A Central Multiusuário de Biologia Celular (CMBC), ligada a Faculdade de Zootecnia e Engenharia de Alimentos da USP, foi criada em 2019. Dispõe de equipamentos que incluem análises de imagens e microscopia, citometria de fluxo, biologia celular e molecular, caracterização de nanopartículas, pipetagem e extração de ácidos nucléicos robotizada. Desenvolve pesquisa básica e aplicada e nossa missão é prover apoio tecnológico a pesquisadores em atividades na universidade e no setor privado."
28169,Central Multiusuário em Manufatura Avançada em Internet das Coisas,CMM-IoT,Associação do Laboratório de Sistemas Integráveis Tecnológico - LSI-TEC,LSI-TEC,São Paulo,SP,False,"Esta Central é um laboratório com foco no design, projeto e produção de dispositivos eletrônicos com tecnologias de IA e IoT embarcadas de maneira nativa e desenvolvidas no âmbito dos projetos de P&D da CMM-IoT. Sua infraestrutura permite a produção de placas SMT de alta complexidade e precisão, impulsionando a produtividade e a excelência na fabricação de eletrônicos para aplicações IoT."
8249,Central Multiusuário - Laboratório de Mecânica Offshore,LMO,Universidade de São Paulo,USP,São Paulo,SP,True,"Fundado em 1994, o LMO é um laboratório de natureza multidepartamental da Escola Politécnica da USP, que concentra suas atividades em diversos temas de pesquisa e desenvolvimento da Engenharia, tais como mecânica e dinâmica das estruturas, mecânica da fratura e fadiga, interação fluido-estrutura. A Engenharia Oceânica e Offshore têm dado origem aos principais temas de atuação, recentemente incorporando temas associados a fontes de energia renováveis e à coleta de energia."
24297,Central Multiusuários de Análises Fisiológicas e Moleculares,CMAFM,Universidade Estadual da Paraíba,UEPB,João Pessoa,PB,False,A Central Multiusuários de Análises Fisiológicas e Moleculares é uma instalação dedicada à análise de amostras biológicas para entender aspectos fisiológicos e moleculares de organismos vivos.
41058,Central Multiusuários de Medidas Magnéticas,C3M,Universidade Federal de São Carlos,UFSCAR,São Carlos,SP,False,"Trata-se de uma Central de Equipamentos Multiusuários que disponibiliza medidas magnéticas - magnetização, suscetibilidade, imageamento magneto-ótico, magneto-transporte - por uma variedade de técnicas."
9044,Centro Analítico de Instrumentação da Universidade de São Paulo - Central Analítica,CA-IQUSP,Universidade de São Paulo,USP,São Paulo,SP,True,"O Centro Analítico de Instrumentação da Universidade de São Paulo – Central Analítica, é um laboratório de prestação de serviços em variadas técnicas analíticas, localizado dentro do Instituto de Química da Universidade de São Paulo.
Atuando há mais de 35 anos e munido de um amplo parque instrumental, presta atendimento à comunidade científica do IQ-USP, a instituições de pesquisa e universidades de todo país e também a empresas privadas, oferecendo serviço com elevado padrão de qualidade."
20880,Centro Analítico de Viticultura e Enologia,CAVE IFRS BG,"Instituto Federal de Educação, Ciência e Tecnologia do Rio Grande do Sul",IFRS,Bento Gonçalves,RS,True,"O CAVE, antiga Vinícola Escola, é uma estrutura laboratorial de caráter multidisciplinar e multiusuário, voltada ao ensino, à pesquisa científica básica, aplicada, à inovação e à extensão tecnológica, especialmente nas áreas de vitivinicultura e enologia. Com uma área construída de 3.813,20, possui laboratórios de microvinificação, físico-química, análise sensorial, central analítica, além de contar com a unidade experimental de elaboração de derivados da uva e do vinho."
12871,Centro Avançado de Desenvolvimento de Produtos,CADEP,Universidade Estadual Paulista Júlio de Mesquita Filho,UNESP,Bauru,SP,False,"O Centro Avançado de Desenvolvimento de Produtos (CADEP) está vinculado ao Departamento de Design da UNESP (FAAC/Bauru),  sendo voltado principalmente a atividades de pesquisa e desenvolvimento na área de Prototipagem Rápida. O laboratório congrega pesquisadores das áreas do Design, Engenharias e Saúde, tendo concentrado maior parte de sua atuação no estudo do potencial de aplicação das tecnologias de digitalização, modelagem e impressão 3D e usinagem CNC na área de Tecnologia Assistiva."
17738,Centro Avançado de Microscopia Eletrônica,CAME,Centro Nacional de Pesquisa em Energia e Materiais,CNPEM,Campinas,SP,False,"O Centro de Microscopia Eletrônica oferece à comunidade cientifica técnicas de análises estruturais e espectroscópicas com resolução espacial atômica. Para isto, possui uma infraestrutura única e um parque de equipamentos que reuni microscópios eletrônicos de varredura (SEM - Scanning Electron Microscopy) e de duplo feixe que combina um SEM com um microscópio de feixe de íons focalizado (FIB), e Microscópios eletrônicos de transmissão (TEM - Transmission Electron Microscopy)."
32992,Centro cirúrgico de grandes animais,CCGA,Universidade Federal de Mato Grosso do Sul,UFMS,Campo Grande,MS,False,"O centro cirúrgico de grandes animais fica localizado na Faculdade de Medicina Veterinária e Zootecnia (FAMEZ) e faz parte da Universidade Federal de Mato Grosso do Sul. O centro cirúrgico atende casos cirúrgicos de grandes animais, principalmente equinos. Os atendimento são utilizados para ministrarmos aulas práticas e atendermos à comunidade."
12935,Centro Cultural Benfica,CCB,Universidade Federal de Pernambuco,UFPE,Recife,PE,False,"O Centro Cultural Benfica tem como missão promover, acolher e apoiar ações de extensão cultural e artística sob uma perspectiva transversal, dialógica e formativa que democratizem o acesso ao conhecimento e aos bens culturais. Sua visão se concentra em se consolidar como um local de formação, difusão e pesquisa artístico cultural extensionista, garantindo a salvaguarda do patrimônio cultural universitário e o protagonismo discente em diálogo com a sociedade"
13490,Centro de Acesso Livre para Análises Genômicas,CALAnGO,Universidade Federal do Vale do São Francisco,UNIVASF,Petrolina,PE,True,Laboratório multiusuário para análises genômicas e microbiológicas localizado no semiárido nordestino.
25222,Centro de Alta Complexidade,CAC,"INSTITUTO DE PESQUISA, ENSINO, CIENCIA E TECNOLOGIA APLICADA - INSTITUTO GALZU",IGZ,Campos dos Goytacazes,RJ,False,"O Centro de Alta Complexidade é composto por um laboratório de Biologia Molecular, Biologia Celular e implantação de Sala Limpa com atividade de pesquisa clínica e tecnologia aplicada. Inserida na interface hospitalar funciona como unidade regulatória para implementação de tecnologia."
33661,Centro de Análises de Matérias-Primas Alimentícias,CAMPA,Universidade da Integração Internacional da Lusofonia Afro-Brasileira,UNILAB,Redenção,CE,False,"O Centro de Análises de Matérias-Primas Alimentícias – CAMPA pretende ser um laboratório especializado na análise de qualidade e detecção de contaminantes em alimentos de origem vegetal e animal, contribuindo para a segurança alimentar e sustentabilidade da cadeia produtiva. Suas atividades pretendem abranger a identificação de contaminantes químicos, físicos e biológicos, além de apoiar o controle de qualidade e a conformidade com padrões estabelecidos para produtos alimentícios em geral"
9241,"CENTRO DE ANÁLISES, INOVAÇÃO E TECNOLOGIA EM CIÊNCIAS NATURAIS E APLICADAS DA UEG",CAITEC,Universidade Estadual de Goias,UEG,Anápolis,GO,False,"O Centro de Análises, Inovação e Tecnologia em Ciência Naturais e Aplicadas da UEG – CAiTec, localizado no Campus Central - Ciências Exatas e Tecnológicas da UEG, em Anápolis-GO, é um Centro Multiusuário constituído de laboratórios nos quais estão instalados o parque instrumental. Tem como missão fornecer infraestrutura de pesquisa para pesquisadores da UEG, realizar a prestação de serviços para usuários de outras instituições/empresas (usuários externos), sejam elas públicas ou privadas."
15794,Centro de Aplicações em Manufatura Aditiva,CAMAD - IFSC,Instituto Federal de Santa Catarina,IFSC,Florianópolis,SC,False,Laboratório para desenvolvimento de aplicações em Manufatura Aditiva. Conta com estrutura de computadores e máquinas de impressão 3D.
539,Centro de Apoio à Pesquisa,CENAPESQ,Universidade Federal Rural de Pernambuco,UFRPE,Recife,PE,True,"O CENAPESQ se caracteriza como um centro multiusuário de apoio à pesquisa, o qual possui equipamentos especializados que dão suporte ao desenvolvimento de pesquisas científicas e tecnológicas institucionais em várias áreas do conhecimento e tem capacidade de atendimento a demandas interna, de pesquisadores e discentes de diversos níveis, e externa, de organizações públicas e demais ICTs."
7944,CENTRO DE APOIO MULTIDISCIPLINAR,CAM,Universidade Federal do Amazonas,UFAM,Manaus,AM,False,"O CAM - Centro de Apoio Multidisciplinar da UFAM é um centro laboratorial multiusuário composto pelas Divisões de Biotecnologia e Central Analítica, facilitador da aquisição, criação e difusão de conhecimentos científicos e tecnológicos, mediante o acesso e uso compartilhado de infraestruturas, equipamentos científicos avançados e softwares para a pesquisa, ensino, inovação, extensão e serviço nas áreas das Ciências Biológicas, Saúde, Exatas e da Terra, Agrárias, Ambiental e correlatas."
387,Centro de Aquisição e Processamento de Imagens,CAPI,Universidade Federal de Minas Gerais,UFMG,Belo Horizonte,MG,False,"O CAPI é um centro multiusuário de microscopia localizado no Instituto de Ciências Biológicas da Universidade Federal de Minas Gerais. O CAPI oferece serviços de aquisição e processamento de imagens para usuários acadêmicos e de iniciativa privada que incluem: microscopia óptica de fluorescência, microscopia confocal e microscopia de superresolução."
26137,Centro de atividade de Rádio e TV,CRTV,UNIVERSIDADE CATÓLICA DE BRASÍLIA,UCB,Brasília,DF,False,"Composto por estúdios fotografia, de Radio e TV , ilhas de processamento de imagens estática e em movimento o Centro serve de apoio ao ensino dos cursos de graduação e pós-graduação da área de Comunicação e do Programa de Inovação e em Comunicação e Economia  Criativa. Tem atendido também as atividades de pesquisa e desenvolvimento de pesquisa do Mestrado em Economia Criativa."
26753,Centro de Avaliação Técnica de Equipamentos,CATE,Universidade Federal da Bahia,UFBA,Salvador,BA,False,"O CATE – Centro de Avaliação Técnica de Equipamentos é um laboratório de pesquisas, análise e testes em equipamentos usados na indústria petroquímica sendo atualmente voltado no estudo e realização de testes físicos para aprimoramento do projeto de válvulas industriais. O laboratório possui toda a infraestrutura necessária para a realização de testes de homologação do projeto de válvulas industriais da classe de pressão até 8.000 psi (testes de até 12.000 psi) de acordo com a norma NBR 15827, se"
8578,Centro de Biodiversidade Subtropical,CBS-FURG,Universidade Federal do Rio Grande,FURG,Rio Grande,RS,False,"O Centro de Biodiversidade Subtropical da Universidade Federal do Rio Grande (CBS-FURG) constitui-se como um órgão vinculado à Pró-Reitoria de Pesquisa e Pós-Graduação (PROPESP) e tem como finalidade ser depositário de material-testemunho biológico da microbiota, da flora e da fauna, viventes ou fósseis, disponíveis para atividades relacionadas à pesquisa, ensino, extensão e inovação, possuindo estrutura multiusuária com a gestão compartilhada de espaços e equipamentos."
7380,CENTRO DE BIOFOTONICA DA FACULDADE DE ODONTOLOGIA DA UFBA,CTBIOFOT,Universidade Federal da Bahia,UFBA,Salvador,BA,False,"O Centro de Biofotônica da Faculdade de Odontologia da UFBA comporta laboratórios a sua estrutura, quais sejam: Laboratório de Fotomicrografia Loewenhook, Laboratório de Espectroscopia Biomolecular C. Raman, Laboratório de Experimentação Animal e do Laboratório Multidisciplinar além da Clínica de Laser."
25069,Centro de Bioinovações 3D - Laboratório de Biologia Básica de Célula-Tronco - Fiocruz Paraná,LABCET,Fundação Oswaldo Cruz,FIOCRUZ,Curitiba,PR,False,"O Laboratório de Biologia Básica de Células-Tronco está localizado no Instituto Carlos Chagas (Fiocruz Paraná). Os estudos realizados no laboratório incluem pesquisas com células-tronco pluripotentes e adultas, com foco na análise de mecanismos de regulação da expressão gênica e aplicação terapêutica, com destaque para engenharia de tecidos. Também são desenvolvidos estudos voltados para doenças genéticas raras, análises de citotoxicidade e pesquisas utilizando sistema organ-on-a-chip."
1767,Centro de Biologia da Reprodução - Laboratórios Multiusuários de Pesquisas Experimentais,CBR,Universidade Federal de Juiz de Fora,UFJF,Juiz de Fora,MG,False,"O Centro de Biologia da Reprodução é uma estrutura física de pesquisa multiusuário e multicêntrica, sendo um órgão suplementar da Universidade Federal de Juiz de Fora vinculado à Pró-Reitoria de Pós-Graduação e Pesquisa. Constitui-se como base de apoio ao desenvolvimento científico da comunidade acadêmica da UFJF e de outras instituições de ensino e pesquisa, além de atuar na formação de pessoas envolvidas com o uso de modelo animal."
8641,Centro de Biotecnologia Agroalimentar do Paraná - Planta Piloto,CENBAPAR,Universidade Federal do Paraná,UFPR,Curitiba,PR,False,"O CENBAPAR abriga uma unidade piloto multiusuário de 600 m2 com 5 laboratórios periféricos, onde é possível realizar o escalonamento de processos desenvolvidos em escalas de bancada. Esses laboratórios e equipamentos atendem às principais fases de desenvolvimento de um bioprocesso, e podem ser descritos com base nas etapas de bioprocessos típicos, geralmente upstream, fermentação e downstream. Essa estrutura de produção é apoiada por Laboratórios Analíticos I e II e de controle de qualidade."
10937,Centro de Biotecnologia e Genética,CBG,Universidade Estadual de Santa Cruz,UESC,Ilhéus,BA,False,"O Centro de Biotecnologia e Genética (CBG) da UESC, inaugurado em fevereiro de 2008, consiste em laboratórios de pesquisas nas áreas biológicas, agronômicas e saúde associadas aos programas de pós-graduação. O SOMA/CBG, Serviços de Ômicas Multiusuários Atualizados do CBG, tem por objetivo atualizar as plataformas de Proteômica e de Genômica do CBG/UESC, consolidar o seu caráter multiusuário, ampliar a prestação de análises genômicas e proteômicas aos grupos de pesquisas e a empresas."
15292,Centro de Biotecnologia e Melhoramento Genético da Cana-de-Açúcar,CBMGCA,Universidade Federal da Grande Dourados,UFGD,Dourados,MS,False,"O Centro de Biotecnologia e Melhoramento Genético da Cana-de-Açúcar (CBMGCA) foi idealizado e construído a partir do Projeto intitulado “Pesquisa, Desenvolvimento e Inovação Aplicados ao Setor Sucroalcooleiro”, financiado pela Financiadora de Estudos e Projetos (FINEP). No CBMGCA  são desenvolvidas atividades de pesquisa em Biotecnologia Vegetal e ensino de graduação em Agronomia (disciplina: Biotecnologia na Agricultura)."
4432,Centro de Biotecnologia Molecular,C-BIOTECH,Universidade de Brasília,UNB,Brasília,DF,False,"O C-BIOTECH é uma plataforma tecnológica vinculada ao Parque Científico e Tecnológico da UnB que oferece infraestrutura laboratorial para atividades de P&D em biotecnologia envolvendo empresas e universidade. Possui laboratórios adequados para o desenvolvimento de projetos que envolvam modificações genéticas de microrganismos (bactérias, fungos filamentosos e leveduras) e células de mamíferos, assim como fermentação microbiana e purificação de proteínas recombinantes."
19495,Centro de Capacitação Tecnológica em Automação Industrial,CTAI,Universidade Federal da Bahia,UFBA,Salvador,BA,True,"O CTAI é um complexo de laboratórios localizado na Escola Politécnica da UFBA. Inaugurado em 2004, o CTAI apoia atividades de pesquisa, especialmente da pós-graduação, Abriga projetos de pesquisa aprovados em agências de fomento (estaduais e federais), assim como, é um ambiente de desenvolvimento de projetos de pesquisa para a indústria, dos quais se destacam constantes e ininterruptos projetos com a Petrobras"
567,Centro de Caracterização e Desenvolvimento de Materiais,CCDM,Universidade Federal de São Carlos,UFSCAR,São Carlos,SP,False,"CCDM é um laboratório do DEMa/UFSCar, sem fins lucrativos, que presta serviços e desenvolve projetos com empresas e opera administrativamente através da FAI/UFSCar. O CCDM oferece desde um simples ensaio tecnológico até desenvolvimento de projetos científico-tecnológicos para os mais diversos setores da indústria na área de matérias e processos."
4884,Centro de caracterização em nanotecnologia para materiais e catálise,CENANO,Instituto Nacional de Tecnologia,INT,Rio de Janeiro,RJ,False,"O CENANO atende demandas de órgãos governamentais, instituições de ensino e empresas privadas e estatais. Os projetos de desenvolvimento e inovação na esfera deste laboratório  possuem ação transversal e atuam em temas como  saúde, meio ambiente e energia (tradicionais e renováveis). Possui uma infraestrutura de alta tecnologia como microscópios (MEV, FEG, FIB e MET) e espectrômetros (XPS), O CENANO integra o SisNano, na categoria de Laboratório Estratégico, com foco em nanotecnologia e outras."
2339,Centro de Caracterização Multiusuário em Pesquisa e Desenvolvimento de Materiais,C²MMa,Universidade Tecnológica Federal do Paraná,UTFPR,Ponta Grossa,PR,True,"O Centro de Caracterização Multiusuário em Pesquisa e Desenvolvimento de Materiais (C²MMa) é constituído por diferentes modalidades de técnicas analíticas que geram informações complementares para a caracterização de materiais no que tange a sua composição, estrutura, resistência, e propriedades térmicas e ópticas. Os equipamentos que compõe o C²MMa estão dispostos nos seguintes ambientes: Métodos Instrumentais; Preparação Metalográfica; e Propriedades Termo-Ópticas."
4280,Centro de Cartografia Aplicada & Informação Geográfica,CIGA,Universidade de Brasília,UNB,Brasília,DF,False,"O CIGA tem uma estrutura organizada com equipamentos básicos para o desenvolvimento de atividades direcionadas para o manuseio de tecnologias geográficas voltadas para a educação geográfica, o planejamento-ordenamento do território e no atendimento às demandas do setor decisório (publico e privado)."
42392,Centro de Ciência Animal,CCA - UFOP,Universidade Federal de Ouro Preto,UFOP,Ouro Preto,MG,True,"O CCA/UFOP atua há 41 anos e vem ampliando a sua capacidade de produção e manutenção de animais em experimentação ao longo deste tempo, oferecendo espaço aos seus usuários para executarem as atividades necessárias dentro do próprio setor, em salas de procedimentos experimentais específicas para tal, atendendo um público constante e crescente de usuários. Possui Estrutura para múltiplos projetos concomitantes, desenvolvidos em espécies e linhagens animais diferentes."
26533,Centro de Ciência e Qualidade de Alimentos,CCQA,Instituto de Tecnologia de Alimentos,Ital,Campinas,SP,False,"O Centro de Ciência e Qualidade de Alimentos (CCQA) é um núcleo de excelência, capacitado para desenvolver pesquisas e projetos de grande interesse nas áreas de ciência e tecnologia de alimentos, além de prestar assessoria técnico-científica a toda a cadeia produtiva do agronegócio.
O CCQA realiza suas atividades em ambiente compatível com as normas de qualidade NBR ISO 9001/2000 e NBR ISO/IEC 17025, com sistema informatizado, desde o processo de elaboração de propostas à emissão de relatórios."
12629,Centro de Ciências,CDC,Universidade do Estado de Minas Gerais ,Uemg,Passos,MG,False,"O CDC é responsável por fomentar, promover e viabilizar um ambiente de ensino, pesquisa e demais atividades relacionadas às Ciências Biológicas, Ciências Exatas e da Terra, e promover a difusão e a popularização da Ciência, estabelecendo uma ponte entre a Universidade e as Escolas de Educação Básica, de forma a oferecer subsídio para uma melhoria significativa na equação ensino-aprendizado de alunos e professores."
21715,Centro de Ciencias Ambientais e Ecologia Aplicada,CCAEA,Universidade Federal de Lavras,UFLA,Lavras,MG,False,"O Centro de Ciências Ambientais e Ecologia Aplicada destaca-se na pesquisa das mudanças climáticas no Antropoceno, focando na interligação com os usos do solo, atividades econômicas, bem como as alterações na biodiversidade e seus serviços ecossistêmicos em ecossistemas terrestres e aquáticos. Busca-se desenvolver estratégias para mitigar esses impactos, desempenhando um papel crucial na orientação de políticas e práticas sustentáveis em resposta aos desafios ambientais contemporâneos."
32106,CENTRO DE CIÊNCIAS E PLANETÁRIO DO PARÁ,CCPPA,Universidade do Estado do Pará,UEPA,Belém,PA,True,"O Centro de Ciências e Planetário do Pará (CCPPA)”Sebastião Sodré da Gama”,  é vinculado à Pró-Reitoria de Extensão -PROEX da Universidade do Estado do Pará, foi concebido com a intenção de se tornar um espaço de divulgação e ensino de Ciências para o Estado do Pará, possibilitando o acesso ao conhecimento de forma simples e lúdica, trabalhando conceitos e princípios científicos de forma prática e contextualizada, para despertar o encantamento e maior interesse pela ciência."
15404,Centro de Ciências Forenses,CCF,Universidade Federal do Paraná,UFPR,Curitiba,PR,True,"A criação do CCF da UFPR é fruto da interação academia e a criminalística, estimulada pelas parcerias com a Polícia Científica do Paraná e a Polícia Federal. A Universidade concentra em um único ambiente pesquisadores altamente qualificados e parques tecnológicos das diversas áreas das Ciências Forenses, permitindo o desenvolvimento de soluções inovadora que só é possível em um ambiente com essa multidisciplinaridade atuando de forma integrada."
24180,Centro de Ciências Moleculares e Nanotecnologia - Unicentro,CCMN,Universidade Estadual do Centro-Oeste,UNICENTRO,Guarapuava,PR,False,"O CCMN é um centro de pesquisa multiusuária,  que teve incio das suas atividades em 2019 e conta com cinco laboratórios de equipamentos multiusuários: LAB-104 de Técnicas cromatográficas,  LAB-105 de Técnicas eletroquímicas,  LAB-202 de Técnicas de Raios X, LAB-204 de Técnicas Espectroscópicas, LAB-206 de Técnicas Térmicas e e outros laboratórios associados da Unicentro. O CCMN conta com equipamentos de alto custo e bolsistas técnicos da Fundação Araucária, para realização das análises."
34305,Centro de Ciências Naturais Aplicadas,UNESPetro,Universidade Estadual Paulista Júlio de Mesquita Filho,UNESP,Rio Claro,SP,False,"O UNESPetro – Centro de Ciências Naturais Aplicadas – é um centro de pesquisa interdepartamental do Instituto de Geociências e Ciências Exatas (IGCE), UNESP/Rio Claro – SP. Possui uma estrutura voltada para a execução de projetos PD&I e programas de capacitação científica e tecnológica. Seus laboratórios e instalações estratégicas possibilitam a realização de estudos científicos bem como prestação de serviços à comunidade externa, como empresas públicas e privadas."
29846,Centro de Cirurgia Robótica da UFMG,CCROB,Universidade Federal de Minas Gerais,UFMG,Belo Horizonte,MG,False,"O Centro de Cirurgia Robótica da Universidade Federal de Minas Gerais (UFMG) tem desempenhado um papel crucial na vanguarda da pesquisa e treinamento em cirurgia robótica no Brasil. É uma iniciativa interdisciplinar que reúne expertise das unidades acadêmicas de Medicina, Ciência da Computação e Engenharia. A aquisição e instalação do simulador de cirurgia robótica Robotix Mentor da Simbionix, através do apoio da Finep, em julho de 2023."
20591,Centro de Coleções Biológicas,CCB-UFPB,Universidade Federal da Paraíba,UFPB,João Pessoa,PB,False,"O Centro de Coleções Biológicas da UFPB reúne coleções botânicas, zoológicas e paleontológicas da Universidade Federal da Paraíba, com o objetivo de coordenar iniciativas e oportunidades para preservar, manter, expandir, integrar e divulgar essas coleções.  As coleções biológicas da UFPB, científicas e didáticas, abrigam juntas mais de 270 mil espécimes e cerca de 900 mil espécimes-lotes."
32751,Centro de Coleções Biológicas do Norte de Minas Gerais,CCB/NMG,Universidade Estadual de Montes Claros,UNIMONTES,Montes Claros,MG,False,"O Centro de Coleções Biológicas do Norte de Minas Gerais (CCB/NMG), tem como finalidade de armazenar o patrimônio biológico proveniente de projetos de pesquisa e inventários da biodiversidade visando a organização, catalogação e manutenção de material testemunho para estudos científicos, bem como para atividades de ensino e divulgação científica. O CCB visa ser um espaço multiusuário, coordenado pela UNIMONTES, mas tendo diversas instituições parceiras."
21005,Centro de Coleções Taxonômicas,CCT-UFMG,Universidade Federal de Minas Gerais,UFMG,Belo Horizonte,MG,False,"O Centro de Coleções Taxonômicas (CCT-UFMG) é um órgão vinculado ao Instituto de Ciências Biológicas da UFMG, que abriga 26 coleções biológicas distribuídas em 4 áreas (Zoológicas, Botânicas e Micológicas, Microbiológicas e Subamostras - https://www2.icb.ufmg.br/cct/colecoes.html) e acervo estimado em 2 milhões de amostras. O CCT-UFMG é gerido pela Diretoria, um Conselho Técnico-Científico, um corpo de Curadores e servidores de Apoio Técnico-Administrativo."
45767,Centro de Competência em Desenvolvimento de Software e Inteligência Artificial Aplicada,CCDSIAA,Universidade Tecnológica Federal do Paraná,UTFPR,Campo Mourão,PR,True,"O Centro de Competência em Desenvolvimento de Software e Inteligência Artificial Aplicada (CCDSIAA) é um laboratório multiusuário que tem como objetivo disponibilizar sua infraestrutura computacional e apoio técnico qualificado, para atender às demandas da comunidade interna e externa, pública e privada, focado no suporte de visão computacional, inteligência Artifical aplicada, IA generativa, otimização e analise de dados em diversos domínios como Agro, Educação, Saúde, entre outros."
5869,Centro de Competência em Manufatura,CCM,Instituto Tecnológico de Aeronáutica,ITA,SAO JOSE DOS CAMPOS,SP,False,"Fundado em 1991, CCM é um laboratório da Divisão de Engenharia Mecânica do ITA que atua em projetos com foco em tecnologias de manufatura. Face à complexidade do tema, o laboratório se estrutura de forma multidisciplinar abordando o tema em todo o ciclo de vida do produto, com soluções de desenvolvimento integrado do produto, simulações computacionais, processos de fabricação, metrologia, automação de processos, com ênfase nos setores aeronáutico, aeroespacial, automotivo, O&G e industrial."
35333,Centro de Competência em Redes 5G e 6G,xGMobile,Fundação Instituto Nacional de Telecomunicações,Finatel,Santa Rita do Sapucaí,MG,False,"O projeto xGMobile, resultado da parceria entre EMBRAPII e Inatel, visa promover o avanço tecnológico das telecomunicações no Brasil, desenvolvendo e integrando as mais recentes inovações em redes móveis. O objetivo do Centro de Competência EMBRAPII Inatel em Redes 5G e 6G - xGMobile é estabelecer-se como referência em pesquisa, desenvolvimento e inovação, com foco nas tecnologias 5G e na exploração e evolução das futuras redes 6G."
33085,Centro de Competências em Soluções Livres - Campus Caicó,CCSL - Caicó,IFRN Campus Caicó,IFRN Caicó,Caico,RN,False,"O CCSL-IFRN é um grupo de pesquisa que visa à convergência entre pesquisa, extensão, desenvolvimento colaborativo de software, consultoria e treinamentos com excelência em inovação aberta."
188,Centro de Componentes Semiocndutores e Nanotecnologias,CCSNANO,Universidade Estadual de Campinas,UNICAMP,Campinas,SP,False,"O Centro de Componentes Semicondutores e Nanotecnologias – CCSNano foi criado em 1981, originado do Laboratório de Eletrônica e Dispositivos – LED. . O Centro têm como por objetivos gerais a realização de pesquisa básica e aplicada, a prestação de serviços e o suporte ao ensino, visando o aprimoramento contínuo de recursos humanos e processos em Microeletrônica."
16774,Centro de Computação Aplicada e de Alto Desempenho da Amazônia,CCAm,"Instituto Federal de Educacao,Ciencia e Tecnologia de Rondonia",IFRO,Porto Velho,RO,False,"Centro de Computação Aplicada e de Alto Desempenho da Amazônia (CCAm), sediado no Instituto Federal de Educação, Ciência e Tecnologia de Rondônia (IFRO), Campus Porto Velho. A iniciativa visa fortalecer a capacidade regional de geração de conhecimento científico e tecnológico por meio da ampliação da infraestrutura computacional voltada à pesquisa avançada, com foco em aplicações de alto impacto para a Amazônia."
309,Centro de Computação Avançada e Multidisciplinar,CCAM,Universidade Estadual de Santa Cruz,UESC,Ilhéus,BA,False,"O CCAM (Centro de Computação Avançada e Multidisciplinar) é um Centro Multiusuário, Multidisciplinar e Interinstitucional da UESC, qual surgiu da evolução e avanços nas pesquisas e laboratórios do NBCGIB (Núcleo de Biologia Computacional e Gestão de Informações Biotecnológicas). Centro Multiusuários (CMU) da UESC -  Resolução CONSEPE 23/2016 - vinculado a Reitoria, contribui para o desenvolvimento científico e tecnológico, com formação de recursos humanos altamente capacitados."
38131,Centro de Computação Científica e Software Livre,C3SL/UFPR,Universidade Federal do Paraná,UFPR,Curitiba,PR,False,"O C3SL é formado por uma equipe multidisciplinar, com docentes pesquisadores. Possuímos seis linhas de pesquisa ativas, as quais se encontram em uso pelas empresas ou órgãos solicitantes: Ciências Forenses Computacionais; Inteligência Artificial Aplicada; Medicina Assistida por Computação Científica; Preservação Digital; Sistemas Computacionais Avançados e Sistemas para Informática na Educação."
5637,"Centro de Computação Científica e Tecnológica, campus Cornélio Procópio",CCCT-CP,Universidade Tecnológica Federal do Paraná,UTFPR,Cornélio Procópio,PR,False,"Laboratório Multiusuário para computação de alto desempenho, para atender a comunidade acadêmica da UTFPR e parceiros públicos e privados."
26906,Centro de Computação de Alto Desempenho da UFPE,CCAD-UFPE,Universidade Federal de Pernambuco,UFPE,Recife,PE,False,Laboratório multiusuários de computação de alto desempenho da Universidade Federal de Pernambuco.
29415,Centro de Computação de Alto Desempenho do CEFET-MG,CCAD,Centro Federal de Educação Tecnológica de Minas Gerais,CEFET-MG,Belo Horizonte,MG,True,"O Centro de Computação de Alto Desempenho (CCAD) do CEFET-MG é uma infraestrutura multiusuário que visa atender às necessidades das pesquisas que estão sendo ou que serão desenvolvidas por pesquisadores do CEFET-MG assim como pesquisadores de outras instituições, os quais demandam de disponibilidade computação de alto desempenho para acelerar o processamento de dados nas várias áreas do conhecimento."
35379,Centro de Computação de Alto Desempenho Fabíola Greve,CMCAD,Universidade Federal da Bahia,UFBA,Salvador,BA,False,"O CMCAD Fabíola Greve caracteriza-se como um Laboratório multiusuário cuja missão  é apoiar as atividades de Pesquisa, Desenvolvimento e Inovação (PD&I) nas áreas de Ciência e Tecnologia da UFBA, disponibilizando um ambiente de alto desempenho, de uso aberto e gratuito a pesquisadoras(es) que ajudará a impulsionar pesquisas em todas as áreas do conhecimento que exijam computação intensiva."
21607,Centro de Computação de Alto Desempenho (www.ccad.ufpa.br),CCAD-UFPA,Universidade Federal do Pará,UFPA,Belém,PA,False,"O Centro de Computação de Alto Desempenho (CCAD) da UFPA disponibiliza um supercomputador cluster HP Apollo 2000 para pesquisadores. Essa infraestrutura multiusuária suporta diversas áreas como engenharia elétrica, computação, química, biotecnologia, matemática, física e ciências ambientais. É essencial para estudos que demandam alto poder computacional, incluindo genômica, desenvolvimento de fármacos, inteligência artificial, segurança cibernética, mudanças climáticas e nanomateriais."
26621,Centro de Computação do Instituto de Física,CCIFUSP,Instituto de Física USP,IFUSP,São Paulo,SP,False,"O CCIFUSP é o responsável pelos aspectos acadêmico e administrativo da TI no IFUSP, incluindo a disponibilidade de sistemas de HPC para pesquisas científicas nas áreas de atuação dos pesquisadores do IFUSP."
23373,Centro de Computação em Ciência de Dados e Estatística,3CDE,Instituto de Matemática - UFRJ,IM-UFRJ,Rio de Janeiro,RJ,False,"O 3CDE está caracterizado como Grupo de Pesquisa, Desenvolvimento e Inovação do IM-UFRJ. O objetivo do 3CDE é modificar ou construir pacotes para R, Python e Julia. O 3CDE visa a pesquisa e o desenvolvimento de novos métodos numéricos (otimização, integração, simulação Monte Carlo, computação em paralelo, computação em GPU, etc.) aplicados à Ciência de Dados e à Estatística. Ademais, haverá a capacitação de pessoas através de cursos e treinamentos sob o foco principal deste laboratório."
33315,Centro de Computação e Síntese de Dados da Biodiversidade Amazônica,SABIA,Instituto Nacional de Pesquisas da Amazônia,INPA,Manaus,AM,False,"O SABIÁ é um laboratório voltado ao armazenamento, processamento e síntese de dados genômicos da biodiversidade amazônica. Com infraestrutura tecnológica avançada e atuação multidisciplinar, fortalece a gestão e integração de dados científicos. Em parceria com o IComp/UFAM e outros colaboradores, promove inovação, análises qualificadas e geração de soluções estratégicas para a sociedade."
1079,Centro de Computação John David Rogers,CCJDR,Universidade Estadual de Campinas,UNICAMP,Campinas,SP,False,O CCJDR recebe os equipamento de computação científica do IFGW
25292,•	Centro de Conhecimento Tecnológico - INPH,CCT - INPH,SECRETARIA DE PORTOS DA PRESIDENCIA DA REPUBLICA,INPH,Rio de Janeiro,RJ,False,"Contém todo o acervo técnico, mapas e cartográficos do Instituto, sendo a memória viva da engenharia hidráulica do país."
4575,Centro de Criação de Camundongos Especiais,CCCE-FMRP,Universidade de São Paulo,USP,Ribeirão Preto,SP,False,"O CCCE-FMRP integra a Rede de Biotérios da USP e tem como finalidade a criação e manutenção de camundongos geneticamente modificados, de padrão sanitário SPF (specific pathogen free), observando os aspectos éticos da Ciência em Animais de Experimentação e a legislação pertinente. O principal objetivo é a centralização da produção e distribuição aos usuários da Universidade de São Paulo, assim como usuários de Instituições externas."
37051,Centro de Criação de Suínos da Raça Moura,Projeto Porco Moura,Universidade Federal do Paraná,UFPR,Pinhais,PR,True,"o Centro de Criação de Suínos da Raça Moura mantém o primeiro rebanho de conservação da raça criado no Brasil, com objetivo didático, científico e de extensão, onde são mantidas e estudadas e selecionadas diversas linhagens ancestrais da raça e realizados trabalhos de avaliação e desenvolvimento de métodos de criação e manejo adequados para sistemas extensivos e semiextensivos de criação de suínos ao ar livre."
34366,Centro de Cromatografia e Espectrometria de Massas,CCEM,Universidade Federal do Ceará,UFC,Fortaleza,CE,False,"O Centro de Cromatografia e Espectrometria de Massas (CCEM) do NUBIMED/FAMED-UFC foi criado em 1994 no Laboratório de Doenças Infecciosas, inicialmente com um cromatógrafo líquido de alta performance adquirido por meio de colaboração internacional. Ao longo dos anos, expandiu sua infraestrutura com novos equipamentos, como cromatógrafos com detectores UV e sistemas de cromatografia líquida acoplados à espectrometria de massas (LC-QTRAP 5500)."
32944,Centro de Cultura e Extensão Universitária,CCEU,Universidade Federal de Alagoas,UFAL,Penedo,AL,False,"Laboratório multidisciplinar Centro de Cultura e Extensão Universitária, Localizado em um prédio histórico, no cento de Penedo, Alagoas. Construído no final no século XVIII, o antigo Sobrado da Família Lessa abriga o principal ponto de discussão sobre a revitalização do baixo São Francisco, o Centro de Desenvolvimento de Projetos de Extensão da UFAL,  empresa Júnior da Unidade Penedo, conta com espaço para exposição, salas de trabalhos, salas administrativas."
35620,Centro de Dados do Centro de Hidrografia da Marinha,CD-CHM,Centro de Hidrografia da Marinha,CHM,Niterói,RJ,False,"Centro de Dados para a análise e o processamento de dados cartográficos e análise de dados hidrográficos, bem como para modelagem numérica em apoio ao Serviço Meteorológico Marinho (SMM). A infraestrutura é composta por equipamentos de alto desempenho, incluindo storages, um ambiente hiperconvergente e mais de 100 servidores hospedados. Conta com proteção elétrica e climatização, dispondo de nobreaks, bancos de baterias e sistemas de ar-condicionado."
24303,Centro de Desenvolvimento de Materiais,CDMat-FEI,Centro Universitário FEI,FEI,São Bernardo do Campo,SP,False,"O Centro de Desenvolvimento de Materiais do Centro Universitário FEI (CDMat-FEI) conta com facilidades para caracterização de materiais metálicos e poliméricos, tanto estruturalmente quanto em comportamento mecânico"
187,CENTRO DE DESENVOLVIMENTO DE MODELOS EXPERIMENTAIS PARA MEDICINA E BIOLOGIA,CEDEME,Universidade Federal de São Paulo,UNIFESP,São Paulo,SP,False,"O CEDEME é o biotério de criação de roedores para pesquisa da UNIFESP com animais fornecidos para mais de 20 programas de pós-graduação distribuídos em 4 Campi institucionais. Associado ao Rebioterio/CNPq, também fornece para outras instituições públicas e privadas. Produz linhagens de ratos e camundongos (isogênicos, heterogênicos, mutantes, geneticamente modificados) em barreiras sanitárias rigorosas, com alto padrão sanitário. Também possui área de experimentação e laboratórios de suporte."
8242,Centro de Desenvolvimento de Pesquisa em Políticas de Esporte e de Lazer da Rede Cedes no Mato Grosso do Sul,REDE CEDES,Universidade Federal de Mato Grosso do Sul,UFMS,Campo Grande,MS,True,"O Centro de desenvolvimento de Pesquisas em Políticas de Esporte e de Lazer foi criado e implementado por intermédio de Chamada Pública do Ministério do Esporte a fim de aglutinar Grupos de Pesquisa vinculados à Rede CEDES e disseminar a produção do conhecimento científico a respeito das políticas públicas de esporte e lazer, com sua implementação em 2016."
4521,Centro de Desenvolvimento e Controle de Biomateriais,CDCBio,Universidade Federal de Pelotas,UFPel,Pelotas,RS,False,"O Grupo tem marcante atuação em captação de recursos de projetos em cooperação com o setor produtivo. Alunos graduação da Faculdade de Odontologia e do Curso de Ciência e Engenharia de Materiais realizam trabalho no Grupo. Como principais usuários de Pós-Graduação estão os alunos de Programas de Pós-Graduação  em Odontologia, nível de Doutorado (Materiais Dentários) PPGO-UFPEL e Programa de Pós-Graduação em Ciência e Engenharia de Materiais PPGCEM-UFPEL."
7376,Centro de Desenvolvimento Tecnológico,CDTec,Universidade Federal de Sergipe,UFS,São Cristóvão,SE,False,"Infraestrutura para pesquisas na área de microestruturas e propriedades mecânicas de materiais em geral, bem como na área de caracterização de materiais odontológicos.
Atua na área de Petróleo e Gás em estudos de componentes de Risers, Umbilicais e Válvulas de injeção."
19464,Centro de Desenvolvimento Tecnológico de Produtos Farmacêuticos,CDTF,Universidade Federal do Rio Grande do Sul,UFRGS,Porto Alegre,RS,False,"O Centro de Desenvolvimento Tecnológico de Produtos Farmacêuticos (CDTF) da Faculdade de Farmácia é um local destinado à pesquisa, desenvolvimento tecnológico e inovação na área de produtos farmacêuticos. É um centro multidisciplinar e multi-usuário que abriga laboratórios temáticos de apoio às atividades supracitadas, dando suporte às atividades de pesquisa e inovação do Programa de Pós-Graduação em Ciências Farmacêuticas (Nota 7/CAPES), garantindo a excelência na formação de recursos humanos."
21162,"Centro de Desenvolvimento Tecnológico em Ciência de Dados, Robótica e Automação",iTec/FURG,Universidade Federal do Rio Grande,FURG,Rio Grande,RS,False,"O iTec/FURG tem como objetivos: I. Desenvolver atividades de Pesquisa, Desenvolvimento Tecnológico e Inovação (PD&I) na nas áreas de Ciência de Dados, Robótica e Automação; II. Fomentar ações de integração entre a FURG e a sociedade para a realização de atividades de PD&I mediante projetos em cooperação com o setor produtivo; e III. Realizar e/ou acompanhar pesquisas e formação acadêmica e extensionista interdisciplinares sobre temas relevantes para aplicações tecnológicas."
16182,Centro de Desenvolvimento Tecnológico em Saúde,CDTS-MG,Instituto René Rachou,IRR,Belo Horizonte,MG,True,"O Centro de Desenvolvimento Tecnológico em Saúde da Fiocruz Minas foi concebido para oferecer infraestrutura especializada, contando com equipamentos de alto desempenho e equipe de especialistas técnicos e científicos. Com objetivo de auxiliar a transformação do conhecimento em produtos que possam ser utilizados para a oferta pública de insumos na área da saúde, o CDTS-MG está disponível para instituições tanto públicas quanto privadas, com recursos, conhecimentos e tecnologia de ponta."
14660,Centro de Diagnóstico Animal/UNIR,CDA,Fundação Universidade Federal de Rondônia,UNIR,Rolim de Moura,RO,False,"O Centro de Diagnóstico Animal/CDA foi criado em 14 de dezembro de 2011, por meio do processo 23118.003215/2011-21, com pesquisador responsável o Prof. Dr. Sandro de Vargas Schons. Com objetivo de prestar serviço de diagnóstico das enfermidades que afetam os animais à produtores rurais e Médicos Veterinários. Bem como, oferecer a comunidade acadêmica a casuística, epidemiologia e profilaxia das principais enfermidades que causam prejuízos à saúde animal."
13714,Centro de Diagnóstico e Pesquisa em Patologia Aviária,CDPA,Universidade Federal do Rio Grande do Sul,UFRGS,Porto Alegre,RS,False,"O laboratório é voltado ao ensino, à pesquisa e à extensão através da prestação de serviços à comunidade na área de sanidade avícola. Entre os seus principais objetivos estão: diagnóstico das principais enfermidades da avicultura industrial, monitoria das doenças avícolas conforme a metodologia oficial do MAPA; formação e aprimoramento de alunos de graduação e pós-graduação em sanidade avícola, desenvolvimento de pesquisas nas principais áreas de interesse em sanidade avícola."
13304,Centro de Diagnóstico e Pesquisa em Patologia Veterinária,LPV - IFC,Instituto Federal Catarinense,IF-CATARINENSE,Concórdia,SC,False,"O Laboratório de Patologia Veterinária (LPV) iniciou a prestar serviços de forma gratuita ao público em 2013, dentro de um programa de extensão; auxiliando a comunidade com diagnóstico por necropsia e histopatológicos, em animais de produção, companhia e silvestres. Entre 2013 e 2021, em animais de produção (ruminantes e suínos), realizou 2.073 necropsias  e estabeleceu 519 diagnósticos de amostras recebidas por correio. Atua também em atividades de pesquisa e ensino (aulas pr[aticas)."
21978,Centro de Diagnóstico e Pesquisa em Sanidade Animal,CDSA,Universidade de Passo Fundo,UPF,Passo Fundo,RS,False,"O CDSA é um laboratório especializado em sanidade avícola, realizando análises de Micoplasmoses e Salmoneloses, análises de qualidade espermática em espécies bovinas e equinas. Acreditado na norma ABNT NBR ISO/IEC 17025:2017 e credenciado junto ao MAPA, conta com uma infraestrutura moderna e ampla garantindo a qualidade das análises. Além de dar apoio acadêmico para pesquisa de mestrado e doutorado nas área de medicina veterinária e biologia."
5889,Centro de Diálise de Pequenos Animais,Centro de Diálise,Universidade Estadual Paulista Júlio de Mesquita Filho,UNESP,Botucatu,SP,False,"O Centro de diálise realiza terapias extracorpóreas e terapias de substituição renal como, hemodiálise, diálise peritoneal e Troca plasmática terapêutica, atendendo a rotina do hospital veterinário e pesquisas ligadas a área de Nefrologia e Urologia Veterinária."
21430,Centro de Documentação Cultural Alexandre Eulalio,CEDAE,Universidade Estadual de Campinas,UNICAMP,Campinas,SP,False,"O CEDAE, além de contribuir para o desenvolvimento de projetos e pesquisas, na área das humanidades, integra ao seu acervo arquivos pessoais, institucionais e coleções diversificadas de escritores, artististas e intelectuais, assumindo a tarefa de reunir documentos de interesse literário, cultural e linguístico para o desenvolvimento de pesquisas. A consulta ao acervo é pública e o acesso aos documentos é franqueado mediante cuidados e garantias que visam essencialmente à sua preservação."
31479,Centro de Documentação do Cariri,CEDOCC,UNIVERSIDADE REGIONAL DO CARIRI,URCA,Crato,CE,False,"O Centro de Documentação do Cariri é um Centro de Pesquisa Avançado, Entidade Custodiadora de Acervo Arquivístico, presente no Cadastro Nacional de Entidades Custodiadoras de Arquivos (CODEARQ), e faz parte do Diretório Brasileiro de Arquivos, com a designação BR CECEDOCC. 
O CEDOCC é um local de guarda permanente de documentos históricos, em vários formatos: textual, digital e digitalizado. Conta com um acervo diversificado."
32086,Centro de Documentação do Museu Pedagógico: Albertina Vasconcelos,CEDOC,Universidade Estadual do Sudoeste da Bahia,UESB,Vitória da Conquista,BA,True,"O CEDOC desenvolve atividades de guarda, digitalização e registro de documentos com foco na educação nos seguintes acervos: a) documentação de escolas e de estudantes de escolas fechadas em Vitória da Conquista,BA; b) acerto do Livro Didático; c) documentos da faculdade de formação de professores de Vitória da Conquista; d) Acervo Projeto Columbia/governo do Estado da Bahia (década de 1950)"
15065,Centro de Documentação e Acervo Digital,CEDAP,Universidade Federal do Rio Grande do Sul,UFRGS,Porto Alegre,RS,False,"CEDAP tem por objetivo dar suporte à pesquisa científica, tecnológica, artística e cultural através da digitalização e da curadoria de dados de pesquisa. Oferece suporte qualificado na curadoria de dados de pesquisa e serviços de digitalização, acesso e armazenamento a longo prazo. Dispõem de recursos para digitalização de documentos de vários formatos, apoia   pesquisadores durante os estágios do ciclo de vida dos dados e oferece recursos para disseminação e armazenamento a longo prazo desses"
41988,Centro de Documentação e Imagem (CEDIM),CEDIM,Universidade Federal Rural do Rio de Janeiro,UFRRJ,Nova Iguaçu,RJ,False,O CEDIM tem como objetivo realizar a digitalização e divulgação pública de documentos históricos.
31202,Centro de Documentação e Memória,CDM,Universidade Federal de Santa Maria,UFSM,Silveira Martins,RS,False,"O Centro de Documentação e Memória (CDM) possui uma reunião de acervos de diversos tipos que são nomeados como Fundos Documentais e ou Acervos propriamente ditos. Os materiais em si são diversos e dizem muito dos acervos recebidos que podem ir de correspondência pessoal até documentos históricos originais das mais diferentes fontes, bem como manuscritos de pesquisadores. Hoje totalizamos 14 acervos que estão distribuídos em diversas áreas do conhecimento, além de diversas materialidades."
32199,CENTRO DE DOCUMENTAÇÃO E MEMÓRIA DA UNICENTRO/IRATI,CEDOC/I,Universidade Estadual do Centro-Oeste,UNICENTRO,Irati,PR,False,"Centro de Documentação e Memória, CEDOC/I, é um órgão colegiado vinculado à Direção do Campus de Irati, da Universidade Estadual do Centro-Oeste, UNICENTRO, voltado ao tratamento arquivístico de documentos de caráter permanente, reconhecidos pelo seu valor histórico, científico e cultural, produzidos e recebidos pela instituição e preferencialmente,  relacionados com a região de abrangência da UNICENTRO, produzidos no âmbito público ou privado."
31325,Centro de Documentação e Pesquisa da TV Universitária,CEDOC,Universidade Federal de Pernambuco,UFPE,Recife,PE,False,"O CEDOC (Centro de Documentação e Pesquisa) é um laboratório dedicado a documentação, pesquisa e digitalização do acervo da TV Universitária para integra-lo as coleções que compõe a Rede de Museus Universitários da UFPE, disponibilizando  uma importante  fonte de  pesquisa acadêmica e pública sobre a história da televisão pública."
38143,Centro de Documentação e Pesquisas História e Memória do Vale do Jamari/RO,CEDHIM,Fundação Universidade Federal de Rondônia,UNIR,Ariquemes,RO,False,"O CEDHIM custodiará documentos e publicações de interesse histórico, principalmente no que se refere à História e Memória do Vale do Jamari/RO e regiões circunjacentes.."
41201,Centro de Documentação Histórica,CDH,UNIVERSIDADE FEDERAL DO NORTE DO TOCANTINS - UFNT,UFNT,Araguaína,TO,False,"Laboratório vinculado  à Universidade Federal do Norte do Tocantins (UFNT), destinado à salvaguarda, organização, preservação e a divulgação de documentação histórica e acervos museológicos, bem como servir de laboratório de apoio à pesquisa, ao ensino, à extensão, à capacitação e à prestação de serviços de restauro e arquivísticos na Amazônia Legal. Cujo objetivo geral é: - “Construir acervos documentais e bibliográficos, cuidando de sua recepção, preparação, organização, restauro e divulgação."
41206,Centro de Documentação Histórica do Baixo Amazonas,CDHBA,Universidade Federal do Oeste do Pará,UFOPA,Santarém,PA,False,"O Centro de Documentação Histórica do Baixo Amazonas (CDHBA) é um espaço de memória que abriga documentos de caráter judicial e cartorário de Santarém e outras cidades do Baixo Amazonas. O objetivo institucional do CDHBA é fomentar a pesquisa, aliada à ações de extensão e de ensino, que contribua para a construção do conhecimento histórico da região. Nesse sentido, realiza ações de higienização, de catalogação e de digitalização dos documentos visando a consulta pública."
2116,CENTRO DE ECONOMIA ENERGÉTICA E AMBIENTAL,CENERGIA,Universidade Federal do Rio de Janeiro,UFRJ,Rio de Janeiro,RJ,False,O CENERGIA desenvolve pesquisa aplicada e dissemina conhecimentos inovadores sobre interações complexas do setor de energia com o desenvolvimento socioeconômico e as dimensões ambientais globais e locais. Pertence ao Programa de Planejamento Energético da COPPE/UFRJ.
37857,Centro de Edição e Narrativa Audiovisual,CENA,Universidade Federal de Mato Grosso,UFMT,Cuiabá,MT,False,"O CENA, laboratório da Faculdade de Comunicação e Artes (FCA) da UFMT, dedica-se à edição de vídeo, filmagem, fotografia de estúdio, gravação de programas audiovisuais e técnicas de iluminação. É um polo para o aprendizado e a criação, atendendo prioritariamente aos cursos de Jornalismo, Publicidade e Propaganda, Cinema e Audiovisual, todos parte do Departamento de Comunicação da UFMT. Além disso, o CENA é um espaço multiuso acessível a outros cursos da universidade e à comunidade externa"
19365,CENTRO DE EDUCAÇÃO AMBIENTAL E PRESERVAÇÃO DO PATRIMÔNIO,´CEAPP,Universidade Federal do Paraná,UFPR,Curitiba,PR,True,"O CEAPP se caracteriza por ser um espaço de ação interdisciplinar, que integra pesquisadores, estudantes, técnicos e pessoas de diferentes comunidades, que tenham interesse e envolvimento com a complexidade e a abrangência da problemática ambiental e da preservação patrimonial. Visa atender demandas institucionais, em nível local, regional, nacional e internacional tanto no que se refere a pesquisa e a formação (docentes universitários, docentes das redes públicas de ensino e pesquisadores)"
46994,Centro de Eficiência Alimentar e Desempenho de Ovinos e Caprinos (Ceadoc),CEADOC,Embrapa Caprinos e Ovinos,CNPC,Sobral,CE,False,O Ceadoc é uma das poucas infraestruturas na América Latina com sistema inteligente de tecnologia de precisão para mensurar ensaios de eficiencia alimentar individual em bais coletivas. Permite a avaliação de características geneticas de animais em ensaios que duram até 90 dias.
47211,Centro de Elaboração de Alimentos com Spirulina,CEAS,Universidade Federal do Rio Grande,FURG,Rio Grande,RS,False,"O CEAS é uma infraestrutura de P,D&I voltada ao cultivo de microalgas, obtenção de bioprodutos e desenvolvimento de alimentos, ingredientes funcionais e biomateriais. Dispõe de infraestrutura para cultivo, processamento de biomassa, produção de nanomateriais, biocombustíveis e desenvolvimento de tecnologias com microalgas, açaí e outros recursos da biodiversidade, atendendo instituições públicas, empresas e pesquisadores."
395,Centro de Ensaios Instrumentais em Alimentos,CEIA,Universidade Federal do Rio Grande do Sul,UFRGS,Porto Alegre,RS,True,"O Centro de Ensaios Instrumentais em Alimentos (CEIA) do Instituto de Ciência e Tecnologia de Alimentos (ICTA) da UFRGS auxilia na formação dos estudantes de pós-graduação do ICTA e presta serviços à comunidade acadêmica da UFRGS, além de parcerias com a iniciativa privada,empresas e demais universidades do Brasil."
19247,CENTRO DE ENSINO E PESQUISA DO HOSPITAL RISOLETA  TOLENTINO NEVES,CEPC-HRTN,Universidade Federal de Minas Gerais,UFMG,Belo Horizonte,MG,False,"O CEPC-HRTN tem como objetivos a educação continuada de profissionais da saúde, por meio de atualização baseada em evidência; o ensino a alunos de graduação e de pós graduação, em suas modalidades lato senso, residências médica e multiprofissional, além de mestrado/doutorado.; e pesquisa. Todas estas atividades já são realizadas de modo não agrupado nas depedências do hospital. Com a centralização, pretende-se obter recursos para ampliação de sua infraestrutura de ensino e pesquisa."
